451126,1000002511148681800,63875743302049,(0.015, 1.439, -0.002),(0.032, -0.253, 0.033, 0.966),VALID,(0.067, -0.323, 0.944),(0.000, 0.000, 0.000),63.850,VALID,(0.067, -0.323, 0.944),(-0.032, 0.000, 0.000),0.615,3.886,6.314,0.773,VALID,(0.067, -0.323, 0.944),(0.032, 0.000, 0.000),0.625,3.968,6.354,0.765,2,0.9597734
451127,1000002511153688700,63875743302050,(0.015, 1.439, -0.002),(0.032, -0.253, 0.033, 0.966),VALID,(0.067, -0.323, 0.944),(0.000, 0.000, 0.000),63.850,VALID,(0.067, -0.323, 0.944),(-0.032, 0.000, 0.000),0.616,3.887,6.314,0.774,VALID,(0.067, -0.323, 0.944),(0.032, 0.000, 0.000),0.624,3.968,6.354,0.765,2,0.9648489
451128,1000002511158686200,63875743302050,(0.015, 1.439, -0.002),(0.032, -0.253, 0.033, 0.966),VALID,(0.067, -0.323, 0.944),(0.000, 0.000, 0.000),63.850,VALID,(0.067, -0.323, 0.944),(-0.032, 0.000, 0.000),0.616,3.889,6.314,0.774,VALID,(0.067, -0.323, 0.944),(0.032, 0.000, 0.000),0.624,3.968,6.354,0.765,2,0.9851205
451129,1000002511163693100,63875743302060,(0.015, 1.439, -0.002),(0.032, -0.253, 0.033, 0.966),VALID,(0.067, -0.323, 0.944),(0.000, 0.000, 0.000),63.850,VALID,(0.067, -0.323, 0.944),(-0.032, 0.000, 0.000),0.616,3.890,6.314,0.775,VALID,(0.067, -0.323, 0.944),(0.032, 0.000, 0.000),0.624,3.967,6.354,0.766,2,0.9874771
451130,1000002511168697900,63875743302060,(0.015, 1.439, -0.002),(0.032, -0.253, 0.033, 0.966),VALID,(0.067, -0.323, 0.944),(0.000, 0.000, 0.000),63.850,VALID,(0.067, -0.323, 0.944),(-0.032, 0.000, 0.000),0.616,3.890,6.314,0.775,VALID,(0.067, -0.323, 0.944),(0.032, 0.000, 0.000),0.624,3.967,6.354,0.766,2,0.9947216
451131,1000002511173704800,63875743302060,(0.015, 1.439, -0.002),(0.032, -0.253, 0.033, 0.966),VALID,(0.067, -0.323, 0.944),(0.000, 0.000, 0.000),63.850,VALID,(0.067, -0.323, 0.944),(-0.032, 0.000, 0.000),0.616,3.890,6.314,0.776,VALID,(0.067, -0.323, 0.944),(0.032, 0.000, 0.000),0.624,3.967,6.354,0.767,2,1
451132,1000002511178709600,63875743302071,(0.015, 1.439, -0.002),(0.032, -0.253, 0.033, 0.966),VALID,(0.067, -0.323, 0.944),(0.000, 0.000, 0.000),63.850,VALID,(0.067, -0.323, 0.944),(-0.032, 0.000, 0.000),0.616,3.891,6.314,0.776,VALID,(0.067, -0.323, 0.944),(0.032, 0.000, 0.000),0.624,3.967,6.354,0.767,2,1
451133,1000002511183775900,63875743302081,(0.015, 1.439, -0.001),(0.032, -0.253, 0.033, 0.966),VALID,(0.067, -0.323, 0.944),(0.000, 0.000, 0.000),63.850,VALID,(0.067, -0.323, 0.944),(-0.032, 0.000, 0.000),0.616,3.891,6.314,0.777,VALID,(0.067, -0.323, 0.944),(0.032, 0.000, 0.000),0.624,3.967,6.354,0.767,2,1
451134,1000002511188768900,63875743302081,(0.015, 1.439, -0.001),(0.032, -0.253, 0.033, 0.966),VALID,(0.067, -0.323, 0.944),(0.000, 0.000, 0.000),63.850,VALID,(0.067, -0.323, 0.944),(-0.032, 0.000, 0.000),0.616,3.891,6.314,0.777,VALID,(0.067, -0.323, 0.944),(0.032, 0.000, 0.000),0.624,3.967,6.354,0.768,2,1
451135,1000002511193773700,63875743302082,(0.015, 1.439, -0.001),(0.032, -0.253, 0.033, 0.966),VALID,(0.067, -0.324, 0.944),(0.000, 0.000, 0.000),63.850,VALID,(0.067, -0.324, 0.944),(-0.032, 0.000, 0.000),0.616,3.890,6.314,0.778,VALID,(0.067, -0.324, 0.944),(0.032, 0.000, 0.000),0.624,3.967,6.354,0.768,2,1
451136,1000002511198778500,63875743302093,(0.015, 1.439, -0.001),(0.032, -0.253, 0.033, 0.966),VALID,(0.067, -0.324, 0.944),(0.000, 0.000, 0.000),63.850,VALID,(0.067, -0.324, 0.944),(-0.032, 0.000, 0.000),0.616,3.887,6.314,0.778,VALID,(0.067, -0.324, 0.944),(0.032, 0.000, 0.000),0.624,3.967,6.354,0.768,2,1
451137,1000002511203783300,63875743302093,(0.015, 1.439, -0.001),(0.032, -0.253, 0.033, 0.966),VALID,(0.067, -0.324, 0.944),(0.000, 0.000, 0.000),63.850,VALID,(0.067, -0.324, 0.944),(-0.032, 0.000, 0.000),0.615,3.881,6.314,0.778,VALID,(0.067, -0.324, 0.944),(0.032, 0.000, 0.000),0.624,3.967,6.354,0.768,2,1
451138,1000002511208817300,63875743302104,(0.015, 1.439, -0.001),(0.032, -0.253, 0.033, 0.966),VALID,(0.067, -0.324, 0.944),(0.000, 0.000, 0.000),63.850,VALID,(0.067, -0.324, 0.944),(-0.032, 0.000, 0.000),0.614,3.878,6.314,0.778,VALID,(0.067, -0.324, 0.944),(0.032, 0.000, 0.000),0.624,3.967,6.354,0.768,2,1
451139,1000002511213816700,63875743302104,(0.015, 1.439, -0.001),(0.032, -0.253, 0.033, 0.966),VALID,(0.067, -0.324, 0.944),(0.000, 0.000, 0.000),63.850,VALID,(0.067, -0.324, 0.944),(-0.032, 0.000, 0.000),0.614,3.877,6.314,0.778,VALID,(0.067, -0.324, 0.944),(0.032, 0.000, 0.000),0.624,3.967,6.354,0.768,2,1
451140,1000002511218821500,63875743302104,(0.015, 1.439, -0.001),(0.032, -0.253, 0.033, 0.966),VALID,(0.067, -0.324, 0.944),(0.000, 0.000, 0.000),63.850,VALID,(0.067, -0.324, 0.944),(-0.032, 0.000, 0.000),0.614,3.876,6.314,0.778,VALID,(0.067, -0.324, 0.944),(0.032, 0.000, 0.000),0.624,3.966,6.354,0.769,2,1
451141,1000002511223826300,63875743302116,(0.014, 1.439, -0.001),(0.032, -0.253, 0.033, 0.966),VALID,(0.067, -0.324, 0.944),(0.000, 0.000, 0.000),63.850,VALID,(0.067, -0.324, 0.944),(-0.032, 0.000, 0.000),0.614,3.874,6.314,0.778,VALID,(0.067, -0.324, 0.944),(0.032, 0.000, 0.000),0.624,3.966,6.354,0.769,2,1
451142,1000002511228869900,63875743302116,(0.014, 1.439, -0.001),(0.032, -0.253, 0.033, 0.966),VALID,(0.067, -0.324, 0.944),(0.000, 0.000, 0.000),63.850,VALID,(0.067, -0.324, 0.944),(-0.032, 0.000, 0.000),0.614,3.874,6.314,0.778,VALID,(0.067, -0.324, 0.944),(0.032, 0.000, 0.000),0.624,3.965,6.354,0.769,2,1
451143,1000002511233869300,63875743302127,(0.014, 1.439, -0.001),(0.032, -0.253, 0.033, 0.966),VALID,(0.067, -0.325, 0.944),(0.000, 0.000, 0.000),63.850,VALID,(0.067, -0.325, 0.944),(-0.032, 0.000, 0.000),0.613,3.873,6.314,0.779,VALID,(0.067, -0.325, 0.944),(0.032, 0.000, 0.000),0.624,3.964,6.354,0.769,2,1
451144,1000002511238874100,63875743302127,(0.014, 1.439, -0.001),(0.032, -0.253, 0.033, 0.966),VALID,(0.067, -0.325, 0.943),(0.000, 0.000, 0.000),63.850,VALID,(0.067, -0.325, 0.943),(-0.032, 0.000, 0.000),0.613,3.870,6.314,0.779,VALID,(0.067, -0.325, 0.943),(0.032, 0.000, 0.000),0.624,3.962,6.354,0.769,2,1
451145,1000002511243873500,63875743302138,(0.014, 1.439, -0.001),(0.032, -0.253, 0.033, 0.966),VALID,(0.067, -0.325, 0.943),(0.000, 0.000, 0.000),63.850,VALID,(0.067, -0.325, 0.943),(-0.032, 0.000, 0.000),0.611,3.861,6.314,0.779,VALID,(0.067, -0.325, 0.943),(0.032, 0.000, 0.000),0.624,3.962,6.354,0.770,2,1
451146,1000002511248899700,63875743302138,(0.014, 1.439, -0.001),(0.032, -0.253, 0.033, 0.966),VALID,(0.067, -0.325, 0.943),(0.000, 0.000, 0.000),63.850,VALID,(0.067, -0.325, 0.943),(-0.032, 0.000, 0.000),0.611,3.858,6.314,0.780,VALID,(0.067, -0.325, 0.943),(0.032, 0.000, 0.000),0.624,3.962,6.354,0.770,2,1
451147,1000002511253907800,63875743302149,(0.014, 1.439, -0.001),(0.032, -0.253, 0.033, 0.966),VALID,(0.067, -0.326, 0.943),(0.000, 0.000, 0.000),63.850,VALID,(0.067, -0.326, 0.943),(-0.032, 0.000, 0.000),0.611,3.858,6.314,0.780,VALID,(0.067, -0.326, 0.943),(0.032, 0.000, 0.000),0.624,3.961,6.354,0.771,2,1
451148,1000002511258939300,63875743302149,(0.014, 1.439, -0.001),(0.032, -0.253, 0.033, 0.966),VALID,(0.067, -0.326, 0.943),(0.000, 0.000, 0.000),63.850,VALID,(0.067, -0.326, 0.943),(-0.032, 0.000, 0.000),0.612,3.863,6.314,0.780,VALID,(0.067, -0.326, 0.943),(0.032, 0.000, 0.000),0.624,3.961,6.354,0.771,2,1
451149,1000002511263968500,63875743302160,(0.014, 1.439, -0.001),(0.032, -0.253, 0.033, 0.966),VALID,(0.066, -0.326, 0.943),(0.000, 0.000, 0.000),63.850,VALID,(0.066, -0.326, 0.943),(-0.032, 0.000, 0.000),0.613,3.868,6.314,0.781,VALID,(0.066, -0.326, 0.943),(0.032, 0.000, 0.000),0.623,3.961,6.354,0.772,2,1
451150,1000002511268973300,63875743302160,(0.014, 1.439, -0.001),(0.032, -0.253, 0.033, 0.966),VALID,(0.067, -0.325, 0.943),(0.000, 0.000, 0.000),63.850,VALID,(0.067, -0.325, 0.943),(-0.032, 0.000, 0.000),0.613,3.873,6.314,0.782,VALID,(0.067, -0.325, 0.943),(0.032, 0.000, 0.000),0.623,3.961,6.354,0.772,2,0.9100164
451151,1000002511273981400,63875743302160,(0.014, 1.439, -0.001),(0.032, -0.253, 0.033, 0.966),VALID,(0.067, -0.325, 0.943),(0.000, 0.000, 0.000),63.850,VALID,(0.067, -0.325, 0.943),(-0.032, 0.000, 0.000),0.614,3.878,6.314,0.783,VALID,(0.067, -0.325, 0.943),(0.032, 0.000, 0.000),0.623,3.961,6.354,0.773,2,0.8872327
451152,1000002511278989500,63875743302171,(0.014, 1.439, -0.001),(0.032, -0.253, 0.033, 0.966),VALID,(0.067, -0.325, 0.943),(0.000, 0.000, 0.000),63.850,VALID,(0.067, -0.325, 0.943),(-0.032, 0.000, 0.000),0.615,3.881,6.314,0.784,VALID,(0.067, -0.325, 0.943),(0.032, 0.000, 0.000),0.623,3.960,6.354,0.774,2,0.8857794
451153,1000002511284099100,63875743302171,(0.014, 1.439, -0.001),(0.032, -0.253, 0.033, 0.966),VALID,(0.067, -0.324, 0.944),(0.000, 0.000, 0.000),63.850,VALID,(0.067, -0.324, 0.944),(-0.032, 0.000, 0.000),0.616,3.886,6.314,0.785,VALID,(0.067, -0.324, 0.944),(0.032, 0.000, 0.000),0.623,3.959,6.354,0.775,2,0.88025
451154,1000002511289138700,63875743302183,(0.014, 1.439, -0.001),(0.032, -0.253, 0.033, 0.966),VALID,(0.067, -0.324, 0.944),(0.000, 0.000, 0.000),63.850,VALID,(0.067, -0.324, 0.944),(-0.032, 0.000, 0.000),0.616,3.892,6.314,0.786,VALID,(0.067, -0.324, 0.944),(0.032, 0.000, 0.000),0.623,3.959,6.354,0.775,2,0.8592023
451155,1000002511294148200,63875743302183,(0.014, 1.439, -0.001),(0.032, -0.253, 0.033, 0.966),VALID,(0.066, -0.323, 0.944),(0.000, 0.000, 0.000),63.850,VALID,(0.066, -0.323, 0.944),(-0.032, 0.000, 0.000),0.617,3.896,6.314,0.786,VALID,(0.066, -0.323, 0.944),(0.032, 0.000, 0.000),0.623,3.958,6.354,0.776,2,0.7999817
451156,1000002511299149500,63875743302194,(0.014, 1.439, -0.001),(0.032, -0.253, 0.032, 0.966),VALID,(0.063, -0.323, 0.944),(0.000, 0.000, 0.000),63.850,VALID,(0.063, -0.323, 0.944),(-0.032, 0.000, 0.000),0.619,3.906,6.314,0.787,VALID,(0.063, -0.323, 0.944),(0.032, 0.000, 0.000),0.623,3.956,6.354,0.777,2,0.2591473
451157,1000002511304031700,63875743302194,(0.014, 1.439, -0.001),(0.032, -0.253, 0.032, 0.966),VALID,(0.060, -0.323, 0.944),(0.000, 0.000, 0.000),63.850,VALID,(0.060, -0.323, 0.944),(-0.032, 0.000, 0.000),0.626,3.950,6.314,0.787,VALID,(0.060, -0.323, 0.944),(0.032, 0.000, 0.000),0.622,3.954,6.354,0.776,2,0.04604485
451158,1000002511309041200,63875743302194,(0.014, 1.439, -0.001),(0.032, -0.253, 0.032, 0.966),VALID,(0.063, -0.320, 0.945),(0.000, 0.000, 0.000),63.850,VALID,(0.063, -0.320, 0.945),(-0.032, 0.000, 0.000),0.625,3.949,6.314,0.787,VALID,(0.063, -0.320, 0.945),(0.032, 0.000, 0.000),0.626,3.976,6.354,0.776,2,0
451159,1000002511314056200,63875743302204,(0.014, 1.439, -0.001),(0.032, -0.253, 0.032, 0.966),VALID,(0.066, -0.315, 0.947),(0.000, 0.000, 0.000),63.850,VALID,(0.066, -0.315, 0.947),(-0.032, 0.000, 0.000),0.629,3.970,6.314,0.786,VALID,(0.066, -0.315, 0.947),(0.032, 0.000, 0.000),0.618,3.926,6.354,0.774,2,0
451160,1000002511319084400,63875743302205,(0.014, 1.439, -0.001),(0.032, -0.253, 0.032, 0.966),VALID,(0.078, -0.307, 0.949),(0.000, 0.000, 0.000),63.850,VALID,(0.078, -0.307, 0.949),(-0.032, 0.000, 0.000),0.625,3.947,6.314,0.783,VALID,(0.078, -0.307, 0.949),(0.032, 0.000, 0.000),0.603,3.831,6.354,0.772,2,0
451161,1000002511324093900,63875743302217,(0.014, 1.439, -0.001),(0.033, -0.253, 0.032, 0.966),VALID,(0.091, -0.300, 0.949),(0.000, 0.000, 0.000),63.850,VALID,(0.091, -0.300, 0.949),(-0.032, 0.000, 0.000),0.622,3.929,6.314,0.777,VALID,(0.091, -0.300, 0.949),(0.032, 0.000, 0.000),0.595,3.782,6.354,0.768,2,0
451162,1000002511329157100,63875743302217,(0.014, 1.439, -0.001),(0.033, -0.253, 0.032, 0.966),VALID,(0.120, -0.281, 0.952),(0.000, 0.000, 0.000),63.850,VALID,(0.122, -0.280, 0.952),(-0.032, 0.000, 0.000),0.586,3.702,6.314,0.768,VALID,(0.119, -0.281, 0.952),(0.032, 0.000, 0.000),0.591,3.755,6.354,0.763,2,0
451163,1000002511334185300,63875743302227,(0.014, 1.439, -0.001),(0.033, -0.253, 0.032, 0.966),VALID,(0.166, -0.260, 0.951),(0.000, 0.000, 0.000),63.850,VALID,(0.169, -0.260, 0.951),(-0.032, 0.000, 0.000),0.557,3.516,6.314,0.759,VALID,(0.163, -0.260, 0.952),(0.032, 0.000, 0.000),0.591,3.756,6.354,0.758,2,0
451164,1000002511339164700,63875743302227,(0.014, 1.439, -0.001),(0.033, -0.253, 0.032, 0.966),VALID,(0.201, -0.234, 0.951),(0.000, 0.000, 0.000),63.850,VALID,(0.203, -0.234, 0.951),(-0.032, 0.000, 0.000),0.559,3.532,6.314,0.753,VALID,(0.198, -0.234, 0.952),(0.032, 0.000, 0.000),0.593,3.770,6.354,0.754,2,0
451165,1000002511344192900,63875743302238,(0.014, 1.439, -0.001),(0.033, -0.253, 0.032, 0.966),VALID,(0.226, -0.213, 0.950),(0.000, 0.000, 0.000),63.850,VALID,(0.228, -0.213, 0.950),(-0.032, 0.000, 0.000),0.558,3.523,6.314,0.749,VALID,(0.225, -0.213, 0.951),(0.032, 0.000, 0.000),0.596,3.788,6.354,0.753,2,0
451166,1000002511349161300,63875743302238,(0.014, 1.439, -0.001),(0.033, -0.253, 0.032, 0.966),VALID,(0.243, -0.196, 0.950),(0.000, 0.000, 0.000),63.850,VALID,(0.244, -0.196, 0.950),(-0.032, 0.000, 0.000),0.556,3.508,6.314,0.748,VALID,(0.242, -0.196, 0.950),(0.032, 0.000, 0.000),0.599,3.807,6.354,0.753,2,0
451167,1000002511354189500,63875743302249,(0.014, 1.439, -0.001),(0.033, -0.253, 0.032, 0.966),VALID,(0.250, -0.181, 0.951),(0.000, 0.000, 0.000),63.850,VALID,(0.250, -0.181, 0.951),(-0.032, 0.000, 0.000),0.556,3.508,6.314,0.749,VALID,(0.249, -0.181, 0.951),(0.032, 0.000, 0.000),0.604,3.837,6.354,0.754,2,0
451168,1000002511359214200,63875743302249,(0.014, 1.439, -0.001),(0.033, -0.253, 0.032, 0.966),VALID,(0.257, -0.159, 0.953),(0.000, 0.000, 0.000),63.850,VALID,(0.257, -0.159, 0.953),(-0.032, 0.000, 0.000),0.615,3.882,6.314,0.750,VALID,(0.257, -0.159, 0.953),(0.032, 0.000, 0.000),0.609,3.868,6.354,0.755,2,0
451169,1000002511364202000,63875743302260,(0.014, 1.439, -0.001),(0.033, -0.253, 0.032, 0.966),VALID,(0.263, -0.144, 0.954),(0.000, 0.000, 0.000),63.850,VALID,(0.263, -0.144, 0.954),(-0.032, 0.000, 0.000),0.619,3.907,6.314,0.751,VALID,(0.262, -0.144, 0.954),(0.032, 0.000, 0.000),0.613,3.896,6.354,0.756,2,0
451170,1000002511369230200,63875743302260,(0.014, 1.439, -0.001),(0.033, -0.253, 0.032, 0.966),VALID,(0.268, -0.135, 0.954),(0.000, 0.000, 0.000),63.850,VALID,(0.269, -0.135, 0.954),(-0.032, 0.000, 0.000),0.619,3.911,6.314,0.752,VALID,(0.268, -0.135, 0.954),(0.032, 0.000, 0.000),0.617,3.919,6.354,0.757,2,0
451171,1000002511374263300,63875743302260,(0.014, 1.439, -0.001),(0.033, -0.253, 0.032, 0.966),VALID,(0.269, -0.124, 0.955),(0.000, 0.000, 0.000),63.850,VALID,(0.269, -0.124, 0.955),(-0.032, 0.000, 0.000),0.622,3.929,6.314,0.754,VALID,(0.269, -0.124, 0.955),(0.032, 0.000, 0.000),0.620,3.942,6.354,0.760,2,0
451172,1000002511379292500,63875743302271,(0.014, 1.439, -0.001),(0.033, -0.253, 0.032, 0.966),VALID,(0.270, -0.116, 0.956),(0.000, 0.000, 0.000),63.850,VALID,(0.270, -0.116, 0.956),(-0.032, 0.000, 0.000),0.624,3.938,6.314,0.757,VALID,(0.270, -0.116, 0.956),(0.032, 0.000, 0.000),0.623,3.961,6.354,0.763,2,0
451173,1000002511384323300,63875743302271,(0.014, 1.439, -0.001),(0.033, -0.253, 0.032, 0.966),VALID,(0.271, -0.109, 0.956),(0.000, 0.000, 0.000),63.850,VALID,(0.271, -0.109, 0.956),(-0.032, 0.000, 0.000),0.626,3.952,6.314,0.760,VALID,(0.271, -0.109, 0.956),(0.032, 0.000, 0.000),0.627,3.984,6.354,0.766,2,0
451174,1000002511389331200,63875743302282,(0.014, 1.439, -0.001),(0.033, -0.253, 0.032, 0.966),VALID,(0.272, -0.104, 0.957),(0.000, 0.000, 0.000),63.850,VALID,(0.272, -0.104, 0.957),(-0.032, 0.000, 0.000),0.633,3.998,6.314,0.763,VALID,(0.272, -0.104, 0.957),(0.032, 0.000, 0.000),0.630,4.005,6.354,0.770,2,0
451175,1000002511394267800,63875743302282,(0.014, 1.439, -0.001),(0.033, -0.253, 0.032, 0.966),VALID,(0.273, -0.099, 0.957),(0.000, 0.000, 0.000),63.850,VALID,(0.273, -0.099, 0.957),(-0.032, 0.000, 0.000),0.635,4.011,6.314,0.766,VALID,(0.273, -0.099, 0.957),(0.032, 0.000, 0.000),0.633,4.020,6.354,0.774,2,0
451176,1000002511399275700,63875743302293,(0.014, 1.439, -0.001),(0.033, -0.253, 0.032, 0.966),VALID,(0.274, -0.096, 0.957),(0.000, 0.000, 0.000),63.850,VALID,(0.274, -0.096, 0.957),(-0.032, 0.000, 0.000),0.635,4.012,6.314,0.770,VALID,(0.274, -0.096, 0.957),(0.032, 0.000, 0.000),0.634,4.031,6.354,0.777,2,0
451177,1000002511404308300,63875743302294,(0.014, 1.439, -0.001),(0.033, -0.253, 0.032, 0.966),VALID,(0.274, -0.093, 0.957),(0.000, 0.000, 0.000),63.850,VALID,(0.274, -0.093, 0.957),(-0.032, 0.000, 0.000),0.635,4.010,6.314,0.774,VALID,(0.274, -0.093, 0.957),(0.032, 0.000, 0.000),0.636,4.041,6.354,0.781,2,0
451178,1000002511409401000,63875743302304,(0.014, 1.439, -0.001),(0.033, -0.253, 0.032, 0.966),VALID,(0.275, -0.091, 0.957),(0.000, 0.000, 0.000),63.850,VALID,(0.275, -0.091, 0.957),(-0.032, 0.000, 0.000),0.635,4.010,6.314,0.778,VALID,(0.275, -0.091, 0.957),(0.032, 0.000, 0.000),0.638,4.053,6.354,0.784,2,0
451179,1000002511414385800,63875743302304,(0.014, 1.439, -0.001),(0.033, -0.253, 0.032, 0.966),VALID,(0.276, -0.090, 0.957),(0.000, 0.000, 0.000),63.850,VALID,(0.276, -0.090, 0.957),(-0.032, 0.000, 0.000),0.635,4.008,6.314,0.781,VALID,(0.276, -0.090, 0.957),(0.032, 0.000, 0.000),0.640,4.068,6.354,0.788,2,0
451180,1000002511419393700,63875743302304,(0.014, 1.439, -0.001),(0.033, -0.253, 0.032, 0.966),VALID,(0.276, -0.088, 0.957),(0.000, 0.000, 0.000),63.850,VALID,(0.276, -0.088, 0.957),(-0.032, 0.000, 0.000),0.635,4.008,6.314,0.784,VALID,(0.276, -0.088, 0.957),(0.032, 0.000, 0.000),0.642,4.080,6.354,0.791,2,0
451181,1000002511424401600,63875743302315,(0.014, 1.439, -0.001),(0.033, -0.253, 0.032, 0.966),VALID,(0.277, -0.087, 0.957),(0.000, 0.000, 0.000),63.850,VALID,(0.277, -0.087, 0.957),(-0.032, 0.000, 0.000),0.637,4.024,6.314,0.786,VALID,(0.277, -0.087, 0.957),(0.032, 0.000, 0.000),0.644,4.089,6.354,0.795,2,0
451182,1000002511429409500,63875743302315,(0.014, 1.439, -0.001),(0.033, -0.253, 0.032, 0.966),VALID,(0.277, -0.086, 0.957),(0.000, 0.000, 0.000),63.850,VALID,(0.277, -0.086, 0.957),(-0.032, 0.000, 0.000),0.639,4.034,6.314,0.789,VALID,(0.277, -0.086, 0.957),(0.032, 0.000, 0.000),0.645,4.097,6.354,0.797,2,0
451183,1000002511434417400,63875743302326,(0.014, 1.439, -0.001),(0.033, -0.253, 0.032, 0.966),VALID,(0.278, -0.085, 0.957),(0.000, 0.000, 0.000),63.850,VALID,(0.278, -0.085, 0.957),(-0.032, 0.000, 0.000),0.639,4.037,6.314,0.791,VALID,(0.278, -0.085, 0.957),(0.032, 0.000, 0.000),0.646,4.107,6.354,0.800,2,0
451184,1000002511439425300,63875743302326,(0.014, 1.439, -0.001),(0.033, -0.253, 0.032, 0.966),VALID,(0.278, -0.084, 0.957),(0.000, 0.000, 0.000),63.850,VALID,(0.278, -0.084, 0.957),(-0.032, 0.000, 0.000),0.639,4.037,6.314,0.793,VALID,(0.278, -0.084, 0.957),(0.032, 0.000, 0.000),0.648,4.116,6.354,0.802,2,0
451185,1000002511444429200,63875743302338,(0.014, 1.439, -0.001),(0.033, -0.253, 0.032, 0.966),VALID,(0.278, -0.083, 0.957),(0.000, 0.000, 0.000),63.850,VALID,(0.278, -0.083, 0.957),(-0.032, 0.000, 0.000),0.640,4.040,6.314,0.796,VALID,(0.278, -0.083, 0.957),(0.032, 0.000, 0.000),0.649,4.124,6.354,0.805,2,0
451186,1000002511449407600,63875743302338,(0.014, 1.439, -0.001),(0.033, -0.253, 0.032, 0.966),VALID,(0.277, -0.088, 0.957),(0.000, 0.000, 0.000),63.850,VALID,(0.277, -0.088, 0.957),(-0.032, 0.000, 0.000),0.640,4.043,6.314,0.798,VALID,(0.277, -0.088, 0.957),(0.032, 0.000, 0.000),0.636,4.038,6.354,0.807,2,0
451187,1000002511454400700,63875743302349,(0.014, 1.438, -0.001),(0.033, -0.253, 0.032, 0.966),VALID,(0.275, -0.093, 0.957),(0.000, 0.000, 0.000),63.850,VALID,(0.275, -0.093, 0.957),(-0.032, 0.000, 0.000),0.641,4.047,6.314,0.800,VALID,(0.275, -0.093, 0.957),(0.032, 0.000, 0.000),0.628,3.993,6.354,0.809,2,0
451188,1000002511459404600,63875743302349,(0.014, 1.438, -0.001),(0.033, -0.253, 0.032, 0.966),VALID,(0.275, -0.094, 0.957),(0.000, 0.000, 0.000),63.850,VALID,(0.275, -0.094, 0.957),(-0.032, 0.000, 0.000),0.641,4.049,6.314,0.802,VALID,(0.275, -0.094, 0.957),(0.032, 0.000, 0.000),0.635,4.036,6.354,0.810,2,0
451189,1000002511464413200,63875743302349,(0.014, 1.438, -0.001),(0.033, -0.253, 0.032, 0.966),VALID,(0.275, -0.094, 0.957),(0.000, 0.000, 0.000),63.850,VALID,(0.275, -0.094, 0.957),(-0.032, 0.000, 0.000),0.640,4.040,6.314,0.804,VALID,(0.275, -0.094, 0.957),(0.032, 0.000, 0.000),0.642,4.080,6.354,0.812,2,0
451190,1000002511469481600,63875743302361,(0.014, 1.438, -0.001),(0.033, -0.253, 0.032, 0.966),VALID,(0.275, -0.093, 0.957),(0.000, 0.000, 0.000),63.850,VALID,(0.275, -0.093, 0.957),(-0.032, 0.000, 0.000),0.637,4.022,6.314,0.806,VALID,(0.275, -0.093, 0.957),(0.032, 0.000, 0.000),0.646,4.106,6.354,0.814,2,0
451191,1000002511474454900,63875743302361,(0.014, 1.438, -0.001),(0.033, -0.253, 0.032, 0.966),VALID,(0.273, -0.095, 0.957),(0.000, 0.000, 0.000),63.850,VALID,(0.273, -0.095, 0.957),(-0.032, 0.000, 0.000),0.637,4.019,6.314,0.808,VALID,(0.273, -0.095, 0.957),(0.032, 0.000, 0.000),0.638,4.056,6.354,0.815,2,0
451192,1000002511479457700,63875743302371,(0.014, 1.438, -0.002),(0.033, -0.253, 0.032, 0.966),VALID,(0.272, -0.096, 0.957),(0.000, 0.000, 0.000),63.850,VALID,(0.272, -0.096, 0.957),(-0.032, 0.000, 0.000),0.634,4.004,6.314,0.809,VALID,(0.272, -0.096, 0.957),(0.032, 0.000, 0.000),0.633,4.020,6.354,0.816,2,0
451193,1000002511484501800,63875743302372,(0.014, 1.438, -0.002),(0.033, -0.253, 0.032, 0.966),VALID,(0.272, -0.099, 0.957),(0.000, 0.000, 0.000),63.850,VALID,(0.272, -0.099, 0.957),(-0.032, 0.000, 0.000),0.634,4.003,6.314,0.811,VALID,(0.272, -0.099, 0.957),(0.032, 0.000, 0.000),0.629,3.995,6.354,0.818,2,0
451194,1000002511489504600,63875743302382,(0.014, 1.438, -0.002),(0.033, -0.253, 0.032, 0.966),VALID,(0.271, -0.100, 0.957),(0.000, 0.000, 0.000),63.850,VALID,(0.271, -0.100, 0.957),(-0.032, 0.000, 0.000),0.634,4.003,6.314,0.812,VALID,(0.271, -0.100, 0.957),(0.032, 0.000, 0.000),0.624,3.967,6.354,0.819,2,0
451195,1000002511494507400,63875743302382,(0.014, 1.438, -0.002),(0.033, -0.253, 0.032, 0.966),VALID,(0.270, -0.100, 0.958),(0.000, 0.000, 0.000),63.850,VALID,(0.270, -0.100, 0.958),(-0.032, 0.000, 0.000),0.634,4.004,6.314,0.814,VALID,(0.270, -0.100, 0.958),(0.032, 0.000, 0.000),0.623,3.955,6.354,0.820,2,0
451196,1000002511499508000,63875743302394,(0.014, 1.438, -0.002),(0.032, -0.253, 0.032, 0.966),VALID,(0.269, -0.102, 0.958),(0.000, 0.000, 0.000),63.850,VALID,(0.269, -0.102, 0.958),(-0.032, 0.000, 0.000),0.633,3.998,6.314,0.815,VALID,(0.269, -0.102, 0.958),(0.032, 0.000, 0.000),0.621,3.944,6.354,0.822,2,0
451197,1000002511504510800,63875743302394,(0.014, 1.438, -0.002),(0.032, -0.253, 0.032, 0.966),VALID,(0.269, -0.103, 0.958),(0.000, 0.000, 0.000),63.850,VALID,(0.269, -0.103, 0.958),(-0.032, 0.000, 0.000),0.632,3.993,6.314,0.816,VALID,(0.269, -0.103, 0.958),(0.032, 0.000, 0.000),0.620,3.938,6.354,0.823,2,0
451198,1000002511509550300,63875743302405,(0.014, 1.438, -0.002),(0.032, -0.253, 0.032, 0.966),VALID,(0.267, -0.106, 0.958),(0.000, 0.000, 0.000),63.850,VALID,(0.267, -0.106, 0.958),(-0.032, 0.000, 0.000),0.632,3.994,6.314,0.818,VALID,(0.267, -0.106, 0.958),(0.032, 0.000, 0.000),0.619,3.932,6.354,0.824,2,0
451199,1000002511514553100,63875743302405,(0.014, 1.438, -0.002),(0.032, -0.253, 0.032, 0.966),VALID,(0.267, -0.111, 0.957),(0.000, 0.000, 0.000),63.850,VALID,(0.267, -0.111, 0.957),(-0.032, 0.000, 0.000),0.632,3.992,6.314,0.820,VALID,(0.267, -0.111, 0.957),(0.032, 0.000, 0.000),0.618,3.926,6.354,0.826,2,0
451200,1000002511519576600,63875743302417,(0.014, 1.438, -0.002),(0.032, -0.253, 0.032, 0.966),VALID,(0.266, -0.116, 0.957),(0.000, 0.000, 0.000),63.850,VALID,(0.266, -0.116, 0.957),(-0.032, 0.000, 0.000),0.632,3.990,6.314,0.821,VALID,(0.266, -0.116, 0.957),(0.032, 0.000, 0.000),0.617,3.917,6.354,0.827,2,0
451201,1000002511524595300,63875743302417,(0.014, 1.438, -0.002),(0.032, -0.253, 0.032, 0.966),VALID,(0.265, -0.121, 0.957),(0.000, 0.000, 0.000),63.850,VALID,(0.265, -0.121, 0.957),(-0.032, 0.000, 0.000),0.631,3.987,6.314,0.823,VALID,(0.265, -0.121, 0.957),(0.032, 0.000, 0.000),0.616,3.912,6.354,0.829,2,0
451202,1000002511529593000,63875743302417,(0.014, 1.438, -0.002),(0.032, -0.253, 0.032, 0.966),VALID,(0.263, -0.124, 0.957),(0.000, 0.000, 0.000),63.850,VALID,(0.263, -0.124, 0.957),(-0.032, 0.000, 0.000),0.631,3.986,6.314,0.825,VALID,(0.263, -0.124, 0.957),(0.032, 0.000, 0.000),0.615,3.906,6.354,0.831,2,0
451203,1000002511534594100,63875743302427,(0.014, 1.438, -0.002),(0.032, -0.253, 0.032, 0.966),VALID,(0.261, -0.126, 0.957),(0.000, 0.000, 0.000),63.850,VALID,(0.261, -0.126, 0.957),(-0.032, 0.000, 0.000),0.633,3.994,6.314,0.827,VALID,(0.261, -0.126, 0.957),(0.032, 0.000, 0.000),0.614,3.903,6.354,0.833,2,0
451204,1000002511539596900,63875743302427,(0.014, 1.438, -0.002),(0.032, -0.253, 0.032, 0.966),VALID,(0.259, -0.128, 0.957),(0.000, 0.000, 0.000),63.850,VALID,(0.259, -0.128, 0.957),(-0.032, 0.000, 0.000),0.635,4.008,6.314,0.828,VALID,(0.259, -0.128, 0.957),(0.032, 0.000, 0.000),0.614,3.900,6.354,0.835,2,0
451205,1000002511544599200,63875743302438,(0.014, 1.438, -0.002),(0.032, -0.253, 0.032, 0.966),VALID,(0.257, -0.130, 0.958),(0.000, 0.000, 0.000),63.850,VALID,(0.257, -0.130, 0.958),(-0.032, 0.000, 0.000),0.639,4.036,6.314,0.830,VALID,(0.257, -0.130, 0.958),(0.032, 0.000, 0.000),0.613,3.897,6.354,0.837,2,0
451206,1000002511549631900,63875743302438,(0.014, 1.438, -0.002),(0.032, -0.253, 0.032, 0.966),VALID,(0.255, -0.132, 0.958),(0.000, 0.000, 0.000),63.850,VALID,(0.255, -0.132, 0.958),(-0.032, 0.000, 0.000),0.640,4.039,6.314,0.832,VALID,(0.255, -0.132, 0.958),(0.032, 0.000, 0.000),0.613,3.893,6.354,0.839,2,0
451207,1000002511554641000,63875743302449,(0.014, 1.438, -0.002),(0.032, -0.253, 0.032, 0.967),VALID,(0.253, -0.134, 0.958),(0.000, 0.000, 0.000),63.850,VALID,(0.253, -0.134, 0.958),(-0.032, 0.000, 0.000),0.641,4.048,6.314,0.834,VALID,(0.253, -0.134, 0.958),(0.032, 0.000, 0.000),0.612,3.891,6.354,0.841,2,0
451208,1000002511559759500,63875743302450,(0.014, 1.438, -0.002),(0.032, -0.253, 0.032, 0.967),VALID,(0.251, -0.135, 0.958),(0.000, 0.000, 0.000),63.850,VALID,(0.251, -0.135, 0.958),(-0.032, 0.000, 0.000),0.641,4.047,6.314,0.836,VALID,(0.251, -0.135, 0.958),(0.032, 0.000, 0.000),0.612,3.890,6.354,0.843,2,0
451209,1000002511564762300,63875743302461,(0.014, 1.438, -0.002),(0.032, -0.253, 0.032, 0.967),VALID,(0.250, -0.136, 0.959),(0.000, 0.000, 0.000),63.850,VALID,(0.250, -0.136, 0.959),(-0.032, 0.000, 0.000),0.641,4.046,6.314,0.838,VALID,(0.250, -0.136, 0.959),(0.032, 0.000, 0.000),0.612,3.889,6.354,0.845,2,0
451210,1000002511569770900,63875743302461,(0.014, 1.438, -0.002),(0.032, -0.253, 0.032, 0.967),VALID,(0.248, -0.137, 0.959),(0.000, 0.000, 0.000),63.850,VALID,(0.248, -0.137, 0.959),(-0.032, 0.000, 0.000),0.640,4.042,6.314,0.839,VALID,(0.248, -0.137, 0.959),(0.032, 0.000, 0.000),0.612,3.889,6.354,0.847,2,0
451211,1000002511574779500,63875743302461,(0.014, 1.438, -0.002),(0.032, -0.253, 0.032, 0.967),VALID,(0.246, -0.138, 0.959),(0.000, 0.000, 0.000),63.850,VALID,(0.246, -0.138, 0.959),(-0.032, 0.000, 0.000),0.639,4.036,6.314,0.841,VALID,(0.246, -0.138, 0.959),(0.032, 0.000, 0.000),0.612,3.889,6.354,0.849,2,0.01186872
451212,1000002511579710700,63875743302472,(0.014, 1.438, -0.002),(0.033, -0.253, 0.032, 0.966),VALID,(0.245, -0.138, 0.960),(0.000, 0.000, 0.000),63.850,VALID,(0.245, -0.138, 0.960),(-0.032, 0.000, 0.000),0.637,4.022,6.314,0.843,VALID,(0.245, -0.138, 0.960),(0.032, 0.000, 0.000),0.612,3.889,6.354,0.851,2,0.2089322
451213,1000002511584719800,63875743302472,(0.014, 1.438, -0.002),(0.033, -0.253, 0.032, 0.966),VALID,(0.243, -0.139, 0.960),(0.000, 0.000, 0.000),63.850,VALID,(0.243, -0.139, 0.960),(-0.032, 0.000, 0.000),0.636,4.013,6.314,0.846,VALID,(0.243, -0.139, 0.960),(0.032, 0.000, 0.000),0.612,3.888,6.354,0.853,2,0.3524328
451214,1000002511589728900,63875743302482,(0.014, 1.438, -0.002),(0.033, -0.253, 0.032, 0.966),VALID,(0.241, -0.140, 0.960),(0.000, 0.000, 0.000),63.850,VALID,(0.241, -0.140, 0.960),(-0.032, 0.000, 0.000),0.637,4.020,6.314,0.848,VALID,(0.241, -0.140, 0.960),(0.032, 0.000, 0.000),0.612,3.887,6.354,0.855,2,0.3364767
451215,1000002511594783700,63875743302482,(0.014, 1.438, -0.002),(0.033, -0.253, 0.032, 0.966),VALID,(0.240, -0.140, 0.961),(0.000, 0.000, 0.000),63.850,VALID,(0.240, -0.140, 0.961),(-0.032, 0.000, 0.000),0.646,4.081,6.314,0.849,VALID,(0.240, -0.140, 0.961),(0.032, 0.000, 0.000),0.612,3.886,6.354,0.858,2,0.3871277
451216,1000002511599801800,63875743302494,(0.014, 1.438, -0.002),(0.033, -0.252, 0.033, 0.966),VALID,(0.238, -0.141, 0.961),(0.000, 0.000, 0.000),63.850,VALID,(0.238, -0.141, 0.961),(-0.032, 0.000, 0.000),0.648,4.093,6.314,0.851,VALID,(0.238, -0.141, 0.961),(0.032, 0.000, 0.000),0.612,3.886,6.354,0.860,2,0.3874657
451217,1000002511604813700,63875743302494,(0.014, 1.438, -0.002),(0.033, -0.252, 0.033, 0.966),VALID,(0.237, -0.141, 0.961),(0.000, 0.000, 0.000),63.850,VALID,(0.237, -0.141, 0.961),(-0.032, 0.000, 0.000),0.648,4.092,6.314,0.852,VALID,(0.237, -0.141, 0.961),(0.032, 0.000, 0.000),0.612,3.886,6.354,0.862,2,0.3961945
451218,1000002511609822800,63875743302505,(0.014, 1.438, -0.003),(0.033, -0.252, 0.032, 0.967),VALID,(0.236, -0.142, 0.961),(0.000, 0.000, 0.000),63.850,VALID,(0.236, -0.142, 0.961),(-0.032, 0.000, 0.000),0.646,4.082,6.314,0.854,VALID,(0.236, -0.142, 0.961),(0.032, 0.000, 0.000),0.612,3.886,6.354,0.864,2,0.5994214
451219,1000002511614840900,63875743302505,(0.014, 1.438, -0.003),(0.033, -0.252, 0.032, 0.967),VALID,(0.234, -0.143, 0.962),(0.000, 0.000, 0.000),63.850,VALID,(0.234, -0.143, 0.962),(-0.032, 0.000, 0.000),0.645,4.075,6.314,0.856,VALID,(0.234, -0.143, 0.962),(0.032, 0.000, 0.000),0.612,3.886,6.354,0.865,2,0.6294547
451220,1000002511619850000,63875743302505,(0.014, 1.438, -0.003),(0.033, -0.252, 0.032, 0.967),VALID,(0.233, -0.143, 0.962),(0.000, 0.000, 0.000),63.850,VALID,(0.233, -0.143, 0.962),(-0.032, 0.000, 0.000),0.643,4.060,6.314,0.859,VALID,(0.233, -0.143, 0.962),(0.032, 0.000, 0.000),0.612,3.886,6.354,0.868,2,0.6165013
451221,1000002511624893900,63875743302517,(0.014, 1.438, -0.003),(0.033, -0.252, 0.032, 0.966),VALID,(0.232, -0.144, 0.962),(0.000, 0.000, 0.000),63.850,VALID,(0.232, -0.144, 0.962),(-0.032, 0.000, 0.000),0.640,4.043,6.314,0.860,VALID,(0.232, -0.144, 0.962),(0.032, 0.000, 0.000),0.612,3.886,6.354,0.869,2,0.7102448
451222,1000002511629903000,63875743302517,(0.014, 1.438, -0.003),(0.033, -0.252, 0.032, 0.966),VALID,(0.230, -0.145, 0.962),(0.000, 0.000, 0.000),63.850,VALID,(0.230, -0.145, 0.962),(-0.032, 0.000, 0.000),0.638,4.029,6.314,0.862,VALID,(0.230, -0.145, 0.962),(0.032, 0.000, 0.000),0.612,3.886,6.354,0.871,2,0.6349452
451223,1000002511634921100,63875743302527,(0.014, 1.438, -0.003),(0.033, -0.253, 0.033, 0.966),VALID,(0.229, -0.145, 0.963),(0.000, 0.000, 0.000),63.850,VALID,(0.229, -0.145, 0.963),(-0.032, 0.000, 0.000),0.637,4.024,6.314,0.863,VALID,(0.229, -0.145, 0.963),(0.032, 0.000, 0.000),0.612,3.886,6.354,0.872,2,0.6204685
451224,1000002511639921900,63875743302527,(0.014, 1.438, -0.003),(0.033, -0.253, 0.033, 0.966),VALID,(0.226, -0.143, 0.964),(0.000, 0.000, 0.000),63.850,VALID,(0.226, -0.143, 0.964),(-0.032, 0.000, 0.000),0.637,4.025,6.314,0.864,VALID,(0.226, -0.143, 0.964),(0.032, 0.000, 0.000),0.612,3.886,6.354,0.874,2,0.2488838
451225,1000002511644851200,63875743302538,(0.014, 1.438, -0.003),(0.033, -0.253, 0.033, 0.966),VALID,(0.224, -0.141, 0.964),(0.000, 0.000, 0.000),63.850,VALID,(0.224, -0.141, 0.964),(-0.032, 0.000, 0.000),0.638,4.031,6.314,0.866,VALID,(0.224, -0.141, 0.964),(0.032, 0.000, 0.000),0.612,3.886,6.354,0.875,2,0.1930509
451226,1000002511649904700,63875743302538,(0.014, 1.438, -0.003),(0.033, -0.253, 0.033, 0.966),VALID,(0.223, -0.140, 0.965),(0.000, 0.000, 0.000),63.850,VALID,(0.223, -0.140, 0.965),(-0.032, 0.000, 0.000),0.639,4.038,6.314,0.867,VALID,(0.223, -0.140, 0.965),(0.032, 0.000, 0.000),0.612,3.886,6.354,0.876,2,0.199248
451227,1000002511654922800,63875743302550,(0.014, 1.438, -0.003),(0.033, -0.252, 0.033, 0.967),VALID,(0.221, -0.139, 0.965),(0.000, 0.000, 0.000),63.850,VALID,(0.221, -0.139, 0.965),(-0.032, 0.000, 0.000),0.640,4.044,6.314,0.869,VALID,(0.221, -0.139, 0.965),(0.032, 0.000, 0.000),0.612,3.885,6.354,0.877,2,0.1964466
451228,1000002511659963400,63875743302550,(0.014, 1.438, -0.003),(0.033, -0.252, 0.033, 0.967),VALID,(0.220, -0.138, 0.966),(0.000, 0.000, 0.000),63.850,VALID,(0.220, -0.138, 0.966),(-0.032, 0.000, 0.000),0.640,4.044,6.314,0.870,VALID,(0.220, -0.138, 0.966),(0.032, 0.000, 0.000),0.611,3.884,6.354,0.878,2,0
451229,1000002511664981500,63875743302550,(0.014, 1.438, -0.003),(0.033, -0.252, 0.033, 0.967),VALID,(0.220, -0.139, 0.966),(0.000, 0.000, 0.000),63.850,VALID,(0.220, -0.139, 0.966),(-0.032, 0.000, 0.000),0.640,4.039,6.314,0.871,VALID,(0.220, -0.139, 0.966),(0.032, 0.000, 0.000),0.611,3.884,6.354,0.879,2,0
451230,1000002511670002200,63875743302561,(0.014, 1.438, -0.003),(0.033, -0.252, 0.033, 0.967),VALID,(0.219, -0.139, 0.966),(0.000, 0.000, 0.000),63.850,VALID,(0.219, -0.139, 0.966),(-0.032, 0.000, 0.000),0.635,4.011,6.314,0.872,VALID,(0.219, -0.139, 0.966),(0.032, 0.000, 0.000),0.611,3.883,6.354,0.880,2,0
451231,1000002511675022900,63875743302561,(0.014, 1.438, -0.003),(0.033, -0.252, 0.033, 0.967),VALID,(0.218, -0.140, 0.966),(0.000, 0.000, 0.000),63.850,VALID,(0.218, -0.140, 0.966),(-0.032, 0.000, 0.000),0.632,3.989,6.314,0.872,VALID,(0.218, -0.140, 0.966),(0.032, 0.000, 0.000),0.611,3.885,6.354,0.880,2,0
451232,1000002511680043600,63875743302571,(0.014, 1.438, -0.003),(0.033, -0.252, 0.033, 0.967),VALID,(0.217, -0.142, 0.966),(0.000, 0.000, 0.000),63.850,VALID,(0.217, -0.142, 0.966),(-0.032, 0.000, 0.000),0.631,3.987,6.314,0.872,VALID,(0.217, -0.142, 0.966),(0.032, 0.000, 0.000),0.612,3.886,6.354,0.880,2,0
451233,1000002511685061700,63875743302571,(0.014, 1.438, -0.003),(0.033, -0.252, 0.033, 0.967),VALID,(0.218, -0.143, 0.965),(0.000, 0.000, 0.000),63.850,VALID,(0.218, -0.143, 0.965),(-0.032, 0.000, 0.000),0.632,3.992,6.314,0.872,VALID,(0.218, -0.143, 0.965),(0.032, 0.000, 0.000),0.612,3.887,6.354,0.880,2,0
451234,1000002511690008000,63875743302583,(0.014, 1.438, -0.003),(0.032, -0.252, 0.033, 0.967),VALID,(0.219, -0.143, 0.965),(0.000, 0.000, 0.000),63.850,VALID,(0.219, -0.143, 0.965),(-0.032, 0.000, 0.000),0.632,3.989,6.314,0.872,VALID,(0.219, -0.143, 0.965),(0.032, 0.000, 0.000),0.612,3.887,6.354,0.879,2,0
451235,1000002511695026100,63875743302583,(0.014, 1.438, -0.003),(0.032, -0.252, 0.033, 0.967),VALID,(0.222, -0.142, 0.965),(0.000, 0.000, 0.000),63.850,VALID,(0.222, -0.142, 0.965),(-0.032, 0.000, 0.000),0.632,3.992,6.314,0.872,VALID,(0.222, -0.142, 0.965),(0.032, 0.000, 0.000),0.612,3.888,6.354,0.879,2,0
451236,1000002511700021600,63875743302594,(0.013, 1.438, -0.003),(0.033, -0.252, 0.033, 0.966),VALID,(0.223, -0.141, 0.965),(0.000, 0.000, 0.000),63.850,VALID,(0.223, -0.141, 0.965),(-0.032, 0.000, 0.000),0.632,3.993,6.314,0.872,VALID,(0.223, -0.141, 0.965),(0.032, 0.000, 0.000),0.612,3.888,6.354,0.878,2,0
451237,1000002511705042300,63875743302594,(0.013, 1.438, -0.003),(0.033, -0.252, 0.033, 0.966),VALID,(0.224, -0.137, 0.965),(0.000, 0.000, 0.000),63.850,VALID,(0.224, -0.137, 0.965),(-0.032, 0.000, 0.000),0.631,3.987,6.314,0.872,VALID,(0.224, -0.137, 0.965),(0.032, 0.000, 0.000),0.612,3.890,6.354,0.877,2,0
451238,1000002511710075300,63875743302605,(0.013, 1.438, -0.003),(0.033, -0.252, 0.033, 0.967),VALID,(0.225, -0.129, 0.966),(0.000, 0.000, 0.000),63.850,VALID,(0.225, -0.129, 0.966),(-0.032, 0.000, 0.000),0.632,3.989,6.314,0.872,VALID,(0.225, -0.129, 0.966),(0.032, 0.000, 0.000),0.613,3.893,6.354,0.876,2,0
451239,1000002511715116800,63875743302605,(0.013, 1.438, -0.003),(0.033, -0.252, 0.033, 0.967),VALID,(0.227, -0.119, 0.966),(0.000, 0.000, 0.000),63.850,VALID,(0.227, -0.119, 0.966),(-0.032, 0.000, 0.000),0.632,3.988,6.314,0.872,VALID,(0.227, -0.119, 0.966),(0.032, 0.000, 0.000),0.613,3.894,6.354,0.875,2,0
451240,1000002511720137500,63875743302605,(0.013, 1.438, -0.003),(0.033, -0.252, 0.033, 0.967),VALID,(0.229, -0.109, 0.967),(0.000, 0.000, 0.000),63.850,VALID,(0.229, -0.109, 0.967),(-0.032, 0.000, 0.000),0.635,4.009,6.314,0.872,VALID,(0.229, -0.109, 0.967),(0.032, 0.000, 0.000),0.613,3.895,6.354,0.875,2,0
451241,1000002511725170500,63875743302616,(0.013, 1.438, -0.003),(0.033, -0.253, 0.033, 0.966),VALID,(0.230, -0.096, 0.969),(0.000, 0.000, 0.000),63.850,VALID,(0.230, -0.096, 0.969),(-0.032, 0.000, 0.000),0.639,4.034,6.314,0.871,VALID,(0.230, -0.096, 0.969),(0.032, 0.000, 0.000),0.613,3.895,6.354,0.876,2,0
451242,1000002511730203500,63875743302616,(0.013, 1.438, -0.003),(0.033, -0.253, 0.033, 0.966),VALID,(0.230, -0.084, 0.970),(0.000, 0.000, 0.000),63.850,VALID,(0.230, -0.084, 0.970),(-0.032, 0.000, 0.000),0.642,4.056,6.314,0.871,VALID,(0.230, -0.084, 0.970),(0.032, 0.000, 0.000),0.613,3.895,6.354,0.876,2,0
451243,1000002511735185900,63875743302627,(0.013, 1.438, -0.003),(0.033, -0.253, 0.033, 0.966),VALID,(0.230, -0.074, 0.970),(0.000, 0.000, 0.000),63.850,VALID,(0.230, -0.074, 0.970),(-0.032, 0.000, 0.000),0.645,4.072,6.314,0.870,VALID,(0.230, -0.074, 0.970),(0.032, 0.000, 0.000),0.613,3.895,6.354,0.876,2,0
451244,1000002511740218900,63875743302627,(0.013, 1.438, -0.003),(0.033, -0.253, 0.033, 0.966),VALID,(0.230, -0.067, 0.971),(0.000, 0.000, 0.000),63.850,VALID,(0.230, -0.067, 0.971),(-0.032, 0.000, 0.000),0.646,4.080,6.314,0.870,VALID,(0.230, -0.067, 0.971),(0.032, 0.000, 0.000),0.613,3.896,6.354,0.876,2,0
451245,1000002511745117000,63875743302638,(0.013, 1.438, -0.003),(0.033, -0.253, 0.033, 0.966),VALID,(0.231, -0.066, 0.971),(0.000, 0.000, 0.000),63.850,VALID,(0.231, -0.066, 0.971),(-0.032, 0.000, 0.000),0.648,4.094,6.314,0.870,VALID,(0.231, -0.066, 0.971),(0.032, 0.000, 0.000),0.613,3.896,6.354,0.877,2,0
451246,1000002511750150000,63875743302638,(0.013, 1.438, -0.003),(0.033, -0.253, 0.033, 0.966),VALID,(0.232, -0.065, 0.971),(0.000, 0.000, 0.000),63.850,VALID,(0.232, -0.065, 0.971),(-0.032, 0.000, 0.000),0.648,4.094,6.314,0.870,VALID,(0.232, -0.065, 0.971),(0.032, 0.000, 0.000),0.613,3.896,6.354,0.878,2,0
451247,1000002511755155700,63875743302649,(0.013, 1.438, -0.003),(0.033, -0.253, 0.033, 0.966),VALID,(0.232, -0.065, 0.971),(0.000, 0.000, 0.000),63.850,VALID,(0.232, -0.065, 0.971),(-0.032, 0.000, 0.000),0.647,4.087,6.314,0.870,VALID,(0.232, -0.065, 0.971),(0.032, 0.000, 0.000),0.613,3.896,6.354,0.879,2,0
451248,1000002511760188700,63875743302649,(0.013, 1.438, -0.003),(0.033, -0.253, 0.033, 0.966),VALID,(0.233, -0.064, 0.970),(0.000, 0.000, 0.000),63.850,VALID,(0.233, -0.064, 0.970),(-0.032, 0.000, 0.000),0.644,4.066,6.314,0.870,VALID,(0.233, -0.064, 0.970),(0.032, 0.000, 0.000),0.613,3.896,6.354,0.879,2,0
451249,1000002511765223800,63875743302661,(0.013, 1.438, -0.004),(0.033, -0.253, 0.033, 0.966),VALID,(0.233, -0.065, 0.970),(0.000, 0.000, 0.000),63.850,VALID,(0.233, -0.065, 0.970),(-0.032, 0.000, 0.000),0.638,4.031,6.314,0.870,VALID,(0.233, -0.065, 0.970),(0.032, 0.000, 0.000),0.613,3.895,6.354,0.881,2,0
451250,1000002511770258900,63875743302661,(0.013, 1.438, -0.004),(0.033, -0.253, 0.033, 0.966),VALID,(0.234, -0.065, 0.970),(0.000, 0.000, 0.000),63.850,VALID,(0.234, -0.065, 0.970),(-0.032, 0.000, 0.000),0.635,4.006,6.314,0.870,VALID,(0.234, -0.065, 0.970),(0.032, 0.000, 0.000),0.613,3.895,6.354,0.882,2,0
451251,1000002511775291900,63875743302672,(0.013, 1.438, -0.004),(0.033, -0.253, 0.033, 0.966),VALID,(0.235, -0.066, 0.970),(0.000, 0.000, 0.000),63.850,VALID,(0.235, -0.066, 0.970),(-0.032, 0.000, 0.000),0.631,3.985,6.314,0.870,VALID,(0.235, -0.066, 0.970),(0.032, 0.000, 0.000),0.613,3.895,6.354,0.884,2,0
451252,1000002511780327000,63875743302672,(0.013, 1.438, -0.004),(0.033, -0.253, 0.033, 0.966),VALID,(0.235, -0.066, 0.970),(0.000, 0.000, 0.000),63.850,VALID,(0.235, -0.066, 0.970),(-0.032, 0.000, 0.000),0.628,3.966,6.314,0.871,VALID,(0.235, -0.066, 0.970),(0.032, 0.000, 0.000),0.613,3.894,6.354,0.885,2,0
451253,1000002511785360000,63875743302672,(0.013, 1.438, -0.004),(0.033, -0.253, 0.033, 0.966),VALID,(0.236, -0.067, 0.970),(0.000, 0.000, 0.000),63.850,VALID,(0.236, -0.067, 0.970),(-0.032, 0.000, 0.000),0.624,3.937,6.314,0.871,VALID,(0.236, -0.067, 0.970),(0.032, 0.000, 0.000),0.613,3.893,6.354,0.887,2,0
451254,1000002511790251800,63875743302681,(0.013, 1.438, -0.004),(0.033, -0.253, 0.033, 0.966),VALID,(0.235, -0.065, 0.970),(0.000, 0.000, 0.000),63.850,VALID,(0.235, -0.065, 0.970),(-0.032, 0.000, 0.000),0.624,3.939,6.314,0.871,VALID,(0.235, -0.065, 0.970),(0.032, 0.000, 0.000),0.612,3.891,6.354,0.888,2,0
451255,1000002511795247000,63875743302681,(0.013, 1.438, -0.004),(0.033, -0.253, 0.033, 0.966),VALID,(0.234, -0.064, 0.970),(0.000, 0.000, 0.000),63.850,VALID,(0.234, -0.064, 0.970),(-0.032, 0.000, 0.000),0.627,3.959,6.314,0.872,VALID,(0.234, -0.064, 0.970),(0.032, 0.000, 0.000),0.612,3.891,6.354,0.890,2,0
451256,1000002511800267100,63875743302692,(0.013, 1.438, -0.004),(0.033, -0.253, 0.034, 0.966),VALID,(0.233, -0.063, 0.970),(0.000, 0.000, 0.000),63.850,VALID,(0.233, -0.063, 0.970),(-0.032, 0.000, 0.000),0.632,3.991,6.314,0.872,VALID,(0.233, -0.063, 0.970),(0.032, 0.000, 0.000),0.612,3.890,6.354,0.891,2,0
451257,1000002511805281200,63875743302692,(0.013, 1.438, -0.004),(0.033, -0.253, 0.034, 0.966),VALID,(0.233, -0.063, 0.970),(0.000, 0.000, 0.000),63.850,VALID,(0.233, -0.063, 0.970),(-0.032, 0.000, 0.000),0.638,4.029,6.314,0.873,VALID,(0.233, -0.063, 0.970),(0.032, 0.000, 0.000),0.612,3.889,6.354,0.893,2,0
451258,1000002511810314100,63875743302704,(0.013, 1.438, -0.004),(0.033, -0.253, 0.034, 0.966),VALID,(0.233, -0.060, 0.971),(0.000, 0.000, 0.000),63.850,VALID,(0.233, -0.060, 0.971),(-0.032, 0.000, 0.000),0.644,4.063,6.314,0.873,VALID,(0.233, -0.060, 0.971),(0.032, 0.000, 0.000),0.612,3.889,6.354,0.894,2,0
451259,1000002511815370900,63875743302704,(0.013, 1.438, -0.004),(0.033, -0.253, 0.034, 0.966),VALID,(0.232, -0.057, 0.971),(0.000, 0.000, 0.000),63.850,VALID,(0.232, -0.057, 0.971),(-0.032, 0.000, 0.000),0.644,4.069,6.314,0.874,VALID,(0.232, -0.057, 0.971),(0.032, 0.000, 0.000),0.612,3.888,6.354,0.895,2,0
451260,1000002511820392300,63875743302715,(0.013, 1.438, -0.004),(0.033, -0.253, 0.034, 0.966),VALID,(0.231, -0.055, 0.971),(0.000, 0.000, 0.000),63.850,VALID,(0.231, -0.055, 0.971),(-0.032, 0.000, 0.000),0.645,4.071,6.314,0.874,VALID,(0.231, -0.055, 0.971),(0.032, 0.000, 0.000),0.612,3.888,6.354,0.897,2,0.1321559
451261,1000002511825413700,63875743302715,(0.013, 1.438, -0.004),(0.033, -0.253, 0.034, 0.966),VALID,(0.230, -0.054, 0.972),(0.000, 0.000, 0.000),63.850,VALID,(0.230, -0.054, 0.972),(-0.032, 0.000, 0.000),0.645,4.071,6.314,0.875,VALID,(0.230, -0.054, 0.972),(0.032, 0.000, 0.000),0.612,3.888,6.354,0.898,2,0.1857563
451262,1000002511830435100,63875743302726,(0.013, 1.438, -0.004),(0.033, -0.253, 0.034, 0.966),VALID,(0.229, -0.052, 0.972),(0.000, 0.000, 0.000),63.850,VALID,(0.229, -0.052, 0.972),(-0.032, 0.000, 0.000),0.645,4.073,6.314,0.876,VALID,(0.229, -0.052, 0.972),(0.032, 0.000, 0.000),0.612,3.887,6.354,0.899,2,0.2096573
451263,1000002511835456500,63875743302726,(0.013, 1.438, -0.004),(0.033, -0.253, 0.034, 0.966),VALID,(0.228, -0.051, 0.972),(0.000, 0.000, 0.000),63.850,VALID,(0.228, -0.051, 0.972),(-0.032, 0.000, 0.000),0.646,4.077,6.314,0.877,VALID,(0.228, -0.051, 0.972),(0.032, 0.000, 0.000),0.612,3.887,6.354,0.900,2,0.2037652
451264,1000002511840467000,63875743302726,(0.013, 1.438, -0.004),(0.033, -0.253, 0.034, 0.966),VALID,(0.227, -0.051, 0.973),(0.000, 0.000, 0.000),63.850,VALID,(0.227, -0.051, 0.973),(-0.032, 0.000, 0.000),0.647,4.082,6.314,0.878,VALID,(0.227, -0.051, 0.973),(0.032, 0.000, 0.000),0.612,3.887,6.354,0.901,2,0.4577615
451265,1000002511845376800,63875743302737,(0.013, 1.438, -0.004),(0.033, -0.253, 0.034, 0.966),VALID,(0.225, -0.050, 0.973),(0.000, 0.000, 0.000),63.850,VALID,(0.225, -0.050, 0.973),(-0.032, 0.000, 0.000),0.647,4.085,6.314,0.879,VALID,(0.225, -0.050, 0.973),(0.032, 0.000, 0.000),0.612,3.887,6.354,0.902,2,0.4427031
451266,1000002511850390900,63875743302737,(0.013, 1.438, -0.004),(0.033, -0.253, 0.034, 0.966),VALID,(0.224, -0.050, 0.973),(0.000, 0.000, 0.000),63.850,VALID,(0.224, -0.050, 0.973),(-0.032, 0.000, 0.000),0.647,4.086,6.314,0.880,VALID,(0.224, -0.050, 0.973),(0.032, 0.000, 0.000),0.612,3.887,6.354,0.903,2,0.4395909
451267,1000002511855405900,63875743302748,(0.013, 1.438, -0.004),(0.033, -0.253, 0.034, 0.966),VALID,(0.221, -0.045, 0.974),(0.000, 0.000, 0.000),63.850,VALID,(0.221, -0.045, 0.974),(-0.032, 0.000, 0.000),0.648,4.090,6.314,0.881,VALID,(0.221, -0.045, 0.974),(0.032, 0.000, 0.000),0.612,3.886,6.354,0.904,2,0.04443969
451268,1000002511860420000,63875743302759,(0.013, 1.438, -0.004),(0.033, -0.253, 0.034, 0.966),VALID,(0.218, -0.042, 0.975),(0.000, 0.000, 0.000),63.850,VALID,(0.218, -0.042, 0.975),(-0.032, 0.000, 0.000),0.648,4.093,6.314,0.881,VALID,(0.218, -0.042, 0.975),(0.032, 0.000, 0.000),0.611,3.884,6.354,0.905,2,0.1116065
451269,1000002511865435000,63875743302770,(0.012, 1.438, -0.004),(0.033, -0.253, 0.034, 0.966),VALID,(0.215, -0.039, 0.976),(0.000, 0.000, 0.000),63.850,VALID,(0.215, -0.039, 0.976),(-0.032, 0.000, 0.000),0.648,4.094,6.314,0.883,VALID,(0.215, -0.039, 0.976),(0.032, 0.000, 0.000),0.611,3.881,6.354,0.906,2,0.1136297
451270,1000002511870441300,63875743302770,(0.012, 1.438, -0.004),(0.033, -0.253, 0.034, 0.966),VALID,(0.213, -0.036, 0.976),(0.000, 0.000, 0.000),63.850,VALID,(0.213, -0.036, 0.976),(-0.032, 0.000, 0.000),0.648,4.094,6.314,0.883,VALID,(0.213, -0.036, 0.976),(0.032, 0.000, 0.000),0.610,3.878,6.354,0.906,2,0.1152457
451271,1000002511875456300,63875743302770,(0.012, 1.438, -0.004),(0.033, -0.253, 0.034, 0.966),VALID,(0.210, -0.035, 0.977),(0.000, 0.000, 0.000),63.850,VALID,(0.210, -0.035, 0.977),(-0.032, 0.000, 0.000),0.648,4.092,6.314,0.884,VALID,(0.210, -0.035, 0.977),(0.032, 0.000, 0.000),0.610,3.876,6.354,0.907,2,0.1443679
451272,1000002511880471300,63875743302782,(0.012, 1.438, -0.004),(0.033, -0.253, 0.034, 0.966),VALID,(0.208, -0.033, 0.977),(0.000, 0.000, 0.000),63.850,VALID,(0.208, -0.033, 0.977),(-0.032, 0.000, 0.000),0.647,4.087,6.314,0.885,VALID,(0.208, -0.033, 0.977),(0.032, 0.000, 0.000),0.610,3.874,6.354,0.908,2,0.1549908
451273,1000002511885486300,63875743302782,(0.012, 1.438, -0.004),(0.033, -0.253, 0.034, 0.966),VALID,(0.207, -0.032, 0.978),(0.000, 0.000, 0.000),63.850,VALID,(0.207, -0.032, 0.978),(-0.032, 0.000, 0.000),0.647,4.087,6.314,0.885,VALID,(0.207, -0.032, 0.978),(0.032, 0.000, 0.000),0.610,3.874,6.354,0.908,2,0.4049675
451274,1000002511890501300,63875743302782,(0.012, 1.438, -0.004),(0.033, -0.253, 0.034, 0.966),VALID,(0.208, -0.034, 0.978),(0.000, 0.000, 0.000),63.850,VALID,(0.208, -0.034, 0.978),(-0.032, 0.000, 0.000),0.647,4.087,6.314,0.886,VALID,(0.208, -0.034, 0.978),(0.032, 0.000, 0.000),0.610,3.873,6.354,0.908,2,0.02410061
451275,1000002511895514000,63875743302795,(0.012, 1.438, -0.004),(0.033, -0.253, 0.034, 0.966),VALID,(0.207, -0.033, 0.978),(0.000, 0.000, 0.000),63.850,VALID,(0.207, -0.033, 0.978),(-0.032, 0.000, 0.000),0.647,4.086,6.314,0.887,VALID,(0.207, -0.033, 0.978),(0.032, 0.000, 0.000),0.610,3.873,6.354,0.909,2,0
451276,1000002511900510600,63875743302795,(0.012, 1.438, -0.004),(0.033, -0.253, 0.034, 0.966),VALID,(0.205, -0.033, 0.978),(0.000, 0.000, 0.000),63.850,VALID,(0.205, -0.033, 0.978),(-0.032, 0.000, 0.000),0.647,4.084,6.314,0.887,VALID,(0.205, -0.033, 0.978),(0.032, 0.000, 0.000),0.610,3.873,6.354,0.909,2,0
451277,1000002511905524700,63875743302795,(0.012, 1.438, -0.004),(0.033, -0.253, 0.034, 0.966),VALID,(0.204, -0.032, 0.978),(0.000, 0.000, 0.000),63.850,VALID,(0.204, -0.032, 0.978),(-0.032, 0.000, 0.000),0.646,4.081,6.314,0.887,VALID,(0.204, -0.032, 0.978),(0.032, 0.000, 0.000),0.610,3.874,6.354,0.910,2,0
451278,1000002511910539700,63875743302805,(0.012, 1.438, -0.004),(0.033, -0.253, 0.034, 0.966),VALID,(0.203, -0.032, 0.979),(0.000, 0.000, 0.000),63.850,VALID,(0.203, -0.032, 0.979),(-0.032, 0.000, 0.000),0.646,4.076,6.314,0.888,VALID,(0.203, -0.032, 0.979),(0.032, 0.000, 0.000),0.610,3.874,6.354,0.910,2,0
451279,1000002511915537900,63875743302806,(0.012, 1.438, -0.004),(0.033, -0.253, 0.034, 0.966),VALID,(0.202, -0.031, 0.979),(0.000, 0.000, 0.000),63.850,VALID,(0.202, -0.031, 0.979),(-0.032, 0.000, 0.000),0.645,4.071,6.314,0.888,VALID,(0.202, -0.031, 0.979),(0.032, 0.000, 0.000),0.610,3.874,6.354,0.910,2,0
451280,1000002511920555200,63875743302816,(0.012, 1.438, -0.004),(0.033, -0.253, 0.034, 0.966),VALID,(0.201, -0.031, 0.979),(0.000, 0.000, 0.000),63.850,VALID,(0.201, -0.031, 0.979),(-0.032, 0.000, 0.000),0.644,4.068,6.314,0.889,VALID,(0.201, -0.031, 0.979),(0.032, 0.000, 0.000),0.610,3.874,6.354,0.911,2,0
451281,1000002511925570200,63875743302816,(0.012, 1.438, -0.004),(0.033, -0.253, 0.034, 0.966),VALID,(0.201, -0.031, 0.979),(0.000, 0.000, 0.000),63.850,VALID,(0.201, -0.031, 0.979),(-0.032, 0.000, 0.000),0.645,4.071,6.314,0.889,VALID,(0.201, -0.031, 0.979),(0.032, 0.000, 0.000),0.610,3.874,6.354,0.911,2,0
451282,1000002511930587500,63875743302816,(0.012, 1.438, -0.004),(0.033, -0.253, 0.034, 0.966),VALID,(0.200, -0.031, 0.979),(0.000, 0.000, 0.000),63.850,VALID,(0.200, -0.031, 0.979),(-0.032, 0.000, 0.000),0.646,4.078,6.314,0.890,VALID,(0.200, -0.031, 0.979),(0.032, 0.000, 0.000),0.610,3.875,6.354,0.911,2,0
451283,1000002511935611000,63875743302827,(0.012, 1.438, -0.004),(0.033, -0.253, 0.034, 0.966),VALID,(0.200, -0.031, 0.979),(0.000, 0.000, 0.000),63.850,VALID,(0.200, -0.031, 0.979),(-0.032, 0.000, 0.000),0.645,4.072,6.314,0.890,VALID,(0.200, -0.031, 0.979),(0.032, 0.000, 0.000),0.610,3.876,6.354,0.911,2,0
451284,1000002511940626000,63875743302827,(0.012, 1.438, -0.004),(0.033, -0.253, 0.034, 0.966),VALID,(0.199, -0.031, 0.979),(0.000, 0.000, 0.000),63.850,VALID,(0.199, -0.031, 0.979),(-0.032, 0.000, 0.000),0.642,4.052,6.314,0.891,VALID,(0.199, -0.031, 0.979),(0.032, 0.000, 0.000),0.610,3.877,6.354,0.912,2,0
451285,1000002511945643300,63875743302838,(0.012, 1.438, -0.004),(0.033, -0.253, 0.034, 0.966),VALID,(0.199, -0.031, 0.980),(0.000, 0.000, 0.000),63.850,VALID,(0.199, -0.031, 0.980),(-0.032, 0.000, 0.000),0.641,4.045,6.314,0.892,VALID,(0.199, -0.031, 0.980),(0.032, 0.000, 0.000),0.610,3.877,6.354,0.912,2,0
451286,1000002511950658300,63875743302838,(0.012, 1.438, -0.004),(0.033, -0.253, 0.034, 0.966),VALID,(0.198, -0.031, 0.980),(0.000, 0.000, 0.000),63.850,VALID,(0.198, -0.031, 0.980),(-0.032, 0.000, 0.000),0.640,4.042,6.314,0.892,VALID,(0.198, -0.031, 0.980),(0.032, 0.000, 0.000),0.610,3.878,6.354,0.912,2,0.2894276
451287,1000002511955675600,63875743302849,(0.012, 1.438, -0.004),(0.034, -0.253, 0.034, 0.966),VALID,(0.198, -0.031, 0.980),(0.000, 0.000, 0.000),63.850,VALID,(0.198, -0.031, 0.980),(-0.032, 0.000, 0.000),0.640,4.039,6.314,0.893,VALID,(0.198, -0.031, 0.980),(0.032, 0.000, 0.000),0.610,3.879,6.354,0.913,2,0.2886234
451288,1000002511960690600,63875743302849,(0.012, 1.438, -0.004),(0.034, -0.253, 0.034, 0.966),VALID,(0.197, -0.031, 0.980),(0.000, 0.000, 0.000),63.850,VALID,(0.197, -0.031, 0.980),(-0.032, 0.000, 0.000),0.639,4.034,6.314,0.893,VALID,(0.197, -0.031, 0.980),(0.032, 0.000, 0.000),0.611,3.880,6.354,0.913,2,0.2887435
451289,1000002511965707900,63875743302860,(0.012, 1.438, -0.004),(0.034, -0.253, 0.034, 0.966),VALID,(0.197, -0.031, 0.980),(0.000, 0.000, 0.000),63.850,VALID,(0.197, -0.031, 0.980),(-0.032, 0.000, 0.000),0.639,4.033,6.314,0.894,VALID,(0.197, -0.031, 0.980),(0.032, 0.000, 0.000),0.611,3.881,6.354,0.913,2,0.2869099
451290,1000002511970725200,63875743302861,(0.012, 1.438, -0.004),(0.034, -0.253, 0.034, 0.966),VALID,(0.196, -0.030, 0.980),(0.000, 0.000, 0.000),63.850,VALID,(0.196, -0.030, 0.980),(-0.032, 0.000, 0.000),0.639,4.033,6.314,0.894,VALID,(0.196, -0.030, 0.980),(0.032, 0.000, 0.000),0.611,3.882,6.354,0.913,2,0.283114
451291,1000002511975708000,63875743302871,(0.012, 1.438, -0.004),(0.034, -0.253, 0.034, 0.966),VALID,(0.196, -0.030, 0.980),(0.000, 0.000, 0.000),63.850,VALID,(0.196, -0.030, 0.980),(-0.032, 0.000, 0.000),0.639,4.033,6.314,0.894,VALID,(0.196, -0.030, 0.980),(0.032, 0.000, 0.000),0.611,3.883,6.354,0.913,2,0.2648767
451292,1000002511980681500,63875743302871,(0.012, 1.438, -0.004),(0.034, -0.253, 0.034, 0.966),VALID,(0.197, -0.031, 0.980),(0.000, 0.000, 0.000),63.850,VALID,(0.197, -0.031, 0.980),(-0.032, 0.000, 0.000),0.639,4.033,6.314,0.894,VALID,(0.197, -0.031, 0.980),(0.032, 0.000, 0.000),0.611,3.885,6.354,0.913,2,0
451293,1000002511985698800,63875743302871,(0.012, 1.438, -0.004),(0.034, -0.253, 0.034, 0.966),VALID,(0.198, -0.032, 0.980),(0.000, 0.000, 0.000),63.850,VALID,(0.198, -0.032, 0.980),(-0.032, 0.000, 0.000),0.639,4.033,6.314,0.894,VALID,(0.198, -0.032, 0.980),(0.032, 0.000, 0.000),0.612,3.887,6.354,0.913,2,0.2654237
451294,1000002511990733900,63875743302883,(0.012, 1.438, -0.004),(0.034, -0.253, 0.034, 0.966),VALID,(0.199, -0.034, 0.979),(0.000, 0.000, 0.000),63.850,VALID,(0.199, -0.034, 0.979),(-0.032, 0.000, 0.000),0.636,4.014,6.314,0.894,VALID,(0.199, -0.034, 0.979),(0.032, 0.000, 0.000),0.612,3.889,6.354,0.913,2,0.3127783
451295,1000002511995751200,63875743302883,(0.012, 1.438, -0.004),(0.034, -0.253, 0.034, 0.966),VALID,(0.199, -0.036, 0.979),(0.000, 0.000, 0.000),63.850,VALID,(0.199, -0.036, 0.979),(-0.032, 0.000, 0.000),0.636,4.014,6.314,0.894,VALID,(0.199, -0.036, 0.979),(0.032, 0.000, 0.000),0.612,3.891,6.354,0.912,2,0
451296,1000002512000768500,63875743302894,(0.012, 1.438, -0.004),(0.034, -0.253, 0.034, 0.966),VALID,(0.200, -0.039, 0.979),(0.000, 0.000, 0.000),63.850,VALID,(0.200, -0.039, 0.979),(-0.032, 0.000, 0.000),0.635,4.010,6.314,0.893,VALID,(0.200, -0.039, 0.979),(0.032, 0.000, 0.000),0.613,3.895,6.354,0.911,2,0
451297,1000002512005771700,63875743302894,(0.012, 1.438, -0.004),(0.034, -0.253, 0.034, 0.966),VALID,(0.200, -0.044, 0.979),(0.000, 0.000, 0.000),63.850,VALID,(0.200, -0.044, 0.979),(-0.032, 0.000, 0.000),0.630,3.978,6.314,0.889,VALID,(0.200, -0.044, 0.979),(0.032, 0.000, 0.000),0.614,3.898,6.354,0.907,2,0
451298,1000002512010789000,63875743302904,(0.012, 1.438, -0.004),(0.034, -0.253, 0.034, 0.966),VALID,(0.200, -0.046, 0.979),(0.000, 0.000, 0.000),63.850,VALID,(0.200, -0.046, 0.979),(-0.032, 0.000, 0.000),0.625,3.947,6.314,0.883,VALID,(0.200, -0.046, 0.979),(0.032, 0.000, 0.000),0.615,3.907,6.354,0.901,2,0
451299,1000002512015801200,63875743302904,(0.012, 1.438, -0.004),(0.034, -0.253, 0.034, 0.966),VALID,(0.200, -0.047, 0.979),(0.000, 0.000, 0.000),63.850,VALID,(0.200, -0.047, 0.979),(-0.032, 0.000, 0.000),0.625,3.947,6.314,0.872,VALID,(0.200, -0.047, 0.979),(0.032, 0.000, 0.000),0.617,3.921,6.354,0.895,2,0
451300,1000002512020818600,63875743302916,(0.012, 1.438, -0.004),(0.034, -0.253, 0.034, 0.966),VALID,(0.200, -0.049, 0.979),(0.000, 0.000, 0.000),63.850,VALID,(0.200, -0.049, 0.979),(-0.032, 0.000, 0.000),0.625,3.944,6.314,0.857,VALID,(0.200, -0.049, 0.979),(0.032, 0.000, 0.000),0.628,3.993,6.354,0.880,2,0
451301,1000002512025830800,63875743302916,(0.012, 1.438, -0.004),(0.034, -0.253, 0.034, 0.966),VALID,(0.201, -0.052, 0.978),(0.000, 0.000, 0.000),63.850,VALID,(0.201, -0.052, 0.978),(-0.032, 0.000, 0.000),0.625,3.944,6.314,0.836,VALID,(0.201, -0.052, 0.978),(0.032, 0.000, 0.000),0.628,3.990,6.354,0.862,2,0
451302,1000002512030843000,63875743302916,(0.012, 1.438, -0.004),(0.034, -0.253, 0.034, 0.966),VALID,(0.200, -0.055, 0.978),(0.000, 0.000, 0.000),63.850,VALID,(0.200, -0.055, 0.978),(-0.032, 0.000, 0.000),0.637,4.025,6.314,0.833,VALID,(0.200, -0.055, 0.978),(0.032, 0.000, 0.000),0.625,3.973,6.354,0.836,2,0
451303,1000002512035838600,63875743302927,(0.012, 1.438, -0.004),(0.034, -0.253, 0.034, 0.966),VALID,(0.199, -0.071, 0.977),(0.000, 0.000, 0.000),63.850,VALID,(0.199, -0.071, 0.977),(-0.032, 0.000, 0.000),0.643,4.059,6.314,0.824,VALID,(0.199, -0.071, 0.977),(0.032, 0.000, 0.000),0.592,3.760,6.354,0.802,2,0
451304,1000002512040850800,63875743302927,(0.012, 1.438, -0.004),(0.034, -0.253, 0.034, 0.966),VALID,(0.196, -0.092, 0.976),(0.000, 0.000, 0.000),63.850,VALID,(0.196, -0.092, 0.976),(-0.032, 0.000, 0.000),0.616,3.892,6.314,0.809,VALID,(0.196, -0.092, 0.976),(0.032, 0.000, 0.000),0.568,3.610,6.354,0.760,2,0
451305,1000002512045846400,63875743302939,(0.012, 1.438, -0.004),(0.034, -0.253, 0.034, 0.966),VALID,(0.194, -0.182, 0.964),(0.000, 0.000, 0.000),63.850,VALID,(0.197, -0.091, 0.976),(-0.032, 0.000, 0.000),0.573,3.619,6.314,0.788,VALID,(0.194, -0.182, 0.964),(0.032, 0.000, 0.000),0.537,3.409,6.354,0.726,0.02282047,0
451306,1000002512050858600,63875743302939,(0.012, 1.438, -0.004),(0.034, -0.253, 0.034, 0.966),VALID,(0.191, -0.250, 0.949),(0.000, 0.000, 0.000),63.850,VALID,(0.199, -0.097, 0.975),(-0.032, 0.000, 0.000),0.554,3.500,6.314,0.763,VALID,(0.191, -0.250, 0.949),(0.032, 0.000, 0.000),0.523,3.322,6.354,0.693,0.02222312,0
451307,1000002512055886500,63875743302949,(0.012, 1.438, -0.004),(0.034, -0.253, 0.034, 0.966),VALID,(0.187, -0.304, 0.934),(0.000, 0.000, 0.000),63.850,VALID,(0.207, -0.107, 0.972),(-0.032, 0.000, 0.000),0.508,3.207,6.314,0.739,VALID,(0.187, -0.304, 0.934),(0.032, 0.000, 0.000),0.479,3.045,6.354,0.665,0.03108177,0
451308,1000002512060882100,63875743302949,(0.012, 1.438, -0.004),(0.034, -0.253, 0.034, 0.966),VALID,(0.186, -0.321, 0.929),(0.000, 0.000, 0.000),63.850,VALID,(0.220, -0.119, 0.968),(-0.032, 0.000, 0.000),0.487,3.072,6.314,0.720,VALID,(0.186, -0.321, 0.929),(0.032, 0.000, 0.000),0.469,2.982,6.354,0.643,0.05081953,0
451309,1000002512065894300,63875743302961,(0.012, 1.438, -0.004),(0.034, -0.253, 0.034, 0.966),VALID,(0.184, -0.330, 0.926),(0.000, 0.000, 0.000),63.850,VALID,(0.233, -0.128, 0.964),(-0.032, 0.000, 0.000),0.484,3.054,6.314,0.705,VALID,(0.184, -0.330, 0.926),(0.032, 0.000, 0.000),0.466,2.961,6.354,0.629,0.07027582,0
451310,1000002512070889900,63875743302961,(0.012, 1.438, -0.004),(0.034, -0.253, 0.034, 0.966),VALID,(0.184, -0.346, 0.920),(0.000, 0.000, 0.000),63.850,VALID,(0.245, -0.135, 0.960),(-0.032, 0.000, 0.000),0.483,3.048,6.314,0.697,VALID,(0.184, -0.346, 0.920),(0.032, 0.000, 0.000),0.469,2.978,6.354,0.622,0.07771726,0
451311,1000002512075915400,63875743302972,(0.012, 1.438, -0.004),(0.034, -0.253, 0.035, 0.966),VALID,(0.185, -0.354, 0.917),(0.000, 0.000, 0.000),63.850,VALID,(0.255, -0.140, 0.957),(-0.032, 0.000, 0.000),0.483,3.048,6.314,0.693,VALID,(0.185, -0.354, 0.917),(0.032, 0.000, 0.000),0.471,2.992,6.354,0.620,0.08509039,0
451312,1000002512080911000,63875743302972,(0.012, 1.438, -0.004),(0.034, -0.253, 0.035, 0.966),VALID,(0.186, -0.352, 0.917),(0.000, 0.000, 0.000),63.850,VALID,(0.264, -0.142, 0.954),(-0.032, 0.000, 0.000),0.488,3.082,6.314,0.692,VALID,(0.186, -0.352, 0.917),(0.032, 0.000, 0.000),0.473,3.006,6.354,0.621,0.09490018,0
451313,1000002512085985900,63875743302972,(0.012, 1.438, -0.004),(0.034, -0.253, 0.035, 0.966),VALID,(0.190, -0.362, 0.913),(0.000, 0.000, 0.000),63.850,VALID,(0.271, -0.142, 0.952),(-0.032, 0.000, 0.000),0.492,3.109,6.314,0.694,VALID,(0.190, -0.362, 0.913),(0.032, 0.000, 0.000),0.475,3.021,6.354,0.624,0.09096373,0
451314,1000002512090981500,63875743302982,(0.012, 1.438, -0.004),(0.034, -0.253, 0.035, 0.966),VALID,(0.197, -0.313, 0.929),(0.000, 0.000, 0.000),63.850,VALID,(0.261, -0.159, 0.952),(-0.032, 0.000, 0.000),0.494,3.117,6.314,0.697,VALID,(0.197, -0.313, 0.929),(0.032, 0.000, 0.000),0.478,3.038,6.354,0.627,0.1416862,0
451315,1000002512095959400,63875743302982,(0.012, 1.438, -0.004),(0.034, -0.253, 0.035, 0.966),VALID,(0.203, -0.289, 0.936),(0.000, 0.000, 0.000),63.850,VALID,(0.255, -0.168, 0.952),(-0.032, 0.000, 0.000),0.494,3.116,6.314,0.698,VALID,(0.203, -0.289, 0.936),(0.032, 0.000, 0.000),0.479,3.045,6.354,0.630,0.1873492,0
451316,1000002512100965700,63875743302994,(0.012, 1.438, -0.004),(0.034, -0.253, 0.035, 0.966),VALID,(0.209, -0.279, 0.937),(0.000, 0.000, 0.000),63.850,VALID,(0.252, -0.174, 0.952),(-0.032, 0.000, 0.000),0.493,3.110,6.314,0.700,VALID,(0.209, -0.279, 0.937),(0.032, 0.000, 0.000),0.480,3.052,6.354,0.632,0.2087556,0
451317,1000002512105977900,63875743302994,(0.012, 1.438, -0.004),(0.034, -0.253, 0.035, 0.966),VALID,(0.216, -0.271, 0.938),(0.000, 0.000, 0.000),63.850,VALID,(0.251, -0.176, 0.952),(-0.032, 0.000, 0.000),0.494,3.116,6.314,0.702,VALID,(0.216, -0.271, 0.938),(0.032, 0.000, 0.000),0.484,3.077,6.354,0.638,0.2133265,0
451318,1000002512111036600,63875743303005,(0.012, 1.438, -0.004),(0.034, -0.252, 0.034, 0.966),VALID,(0.224, -0.267, 0.937),(0.000, 0.000, 0.000),63.850,VALID,(0.253, -0.195, 0.948),(-0.032, 0.000, 0.000),0.538,3.397,6.314,0.708,VALID,(0.222, -0.267, 0.938),(0.032, 0.000, 0.000),0.489,3.106,6.354,0.648,0.3131894,0
451319,1000002512116046400,63875743303005,(0.012, 1.438, -0.004),(0.034, -0.252, 0.034, 0.966),VALID,(0.226, -0.263, 0.938),(0.000, 0.000, 0.000),63.850,VALID,(0.249, -0.209, 0.946),(-0.032, 0.000, 0.000),0.553,3.490,6.314,0.714,VALID,(0.224, -0.263, 0.938),(0.032, 0.000, 0.000),0.491,3.119,6.354,0.660,0.4427736,0
451320,1000002512121058600,63875743303016,(0.012, 1.438, -0.004),(0.034, -0.253, 0.035, 0.966),VALID,(0.229, -0.231, 0.946),(0.000, 0.000, 0.000),63.850,VALID,(0.248, -0.189, 0.950),(-0.032, 0.000, 0.000),0.557,3.518,6.314,0.723,VALID,(0.228, -0.231, 0.946),(0.032, 0.000, 0.000),0.492,3.124,6.354,0.673,2,0
451321,1000002512126068400,63875743303016,(0.012, 1.438, -0.004),(0.034, -0.253, 0.035, 0.966),VALID,(0.234, -0.166, 0.958),(0.000, 0.000, 0.000),63.850,VALID,(0.248, -0.172, 0.953),(-0.032, 0.000, 0.000),0.594,3.750,6.314,0.734,VALID,(0.233, -0.166, 0.958),(0.032, 0.000, 0.000),0.492,3.124,6.354,0.688,2,0
451322,1000002512131078200,63875743303016,(0.012, 1.438, -0.004),(0.034, -0.253, 0.035, 0.966),VALID,(0.234, -0.150, 0.961),(0.000, 0.000, 0.000),63.850,VALID,(0.247, -0.169, 0.954),(-0.032, 0.000, 0.000),0.609,3.842,6.314,0.745,VALID,(0.233, -0.150, 0.961),(0.032, 0.000, 0.000),0.487,3.093,6.354,0.704,2,0
451323,1000002512136073800,63875743303027,(0.012, 1.438, -0.004),(0.034, -0.252, 0.035, 0.966),VALID,(0.237, -0.114, 0.965),(0.000, 0.000, 0.000),63.850,VALID,(0.247, -0.155, 0.956),(-0.032, 0.000, 0.000),0.615,3.886,6.314,0.757,VALID,(0.237, -0.114, 0.965),(0.032, 0.000, 0.000),0.600,3.814,6.354,0.718,2,0
451324,1000002512141083600,63875743303028,(0.012, 1.438, -0.004),(0.034, -0.252, 0.035, 0.966),VALID,(0.239, -0.090, 0.967),(0.000, 0.000, 0.000),63.850,VALID,(0.248, -0.134, 0.959),(-0.032, 0.000, 0.000),0.627,3.962,6.314,0.776,VALID,(0.239, -0.090, 0.967),(0.032, 0.000, 0.000),0.607,3.856,6.354,0.731,2,0
451325,1000002512146093400,63875743303038,(0.011, 1.437, -0.004),(0.034, -0.252, 0.035, 0.966),VALID,(0.244, -0.085, 0.966),(0.000, 0.000, 0.000),63.850,VALID,(0.249, -0.121, 0.961),(-0.032, 0.000, 0.000),0.632,3.990,6.314,0.792,VALID,(0.244, -0.085, 0.966),(0.032, 0.000, 0.000),0.610,3.873,6.354,0.745,2,0
451326,1000002512151103200,63875743303039,(0.011, 1.437, -0.004),(0.034, -0.252, 0.035, 0.966),VALID,(0.245, -0.069, 0.967),(0.000, 0.000, 0.000),63.850,VALID,(0.250, -0.099, 0.963),(-0.032, 0.000, 0.000),0.635,4.009,6.314,0.812,VALID,(0.245, -0.069, 0.967),(0.032, 0.000, 0.000),0.612,3.891,6.354,0.757,2,0
451327,1000002512156106800,63875743303050,(0.011, 1.437, -0.004),(0.034, -0.252, 0.035, 0.966),VALID,(0.247, -0.056, 0.967),(0.000, 0.000, 0.000),63.850,VALID,(0.251, -0.080, 0.965),(-0.032, 0.000, 0.000),0.640,4.041,6.314,0.827,VALID,(0.247, -0.056, 0.967),(0.032, 0.000, 0.000),0.616,3.917,6.354,0.769,2,0
451328,1000002512161130700,63875743303050,(0.011, 1.437, -0.004),(0.034, -0.252, 0.035, 0.966),VALID,(0.253, -0.055, 0.966),(0.000, 0.000, 0.000),63.850,VALID,(0.253, -0.072, 0.965),(-0.032, 0.000, 0.000),0.641,4.049,6.314,0.839,VALID,(0.252, -0.055, 0.966),(0.032, 0.000, 0.000),0.619,3.936,6.354,0.781,2,0
451329,1000002512166150400,63875743303061,(0.011, 1.437, -0.003),(0.034, -0.252, 0.035, 0.967),VALID,(0.254, -0.041, 0.966),(0.000, 0.000, 0.000),63.850,VALID,(0.254, -0.055, 0.966),(-0.032, 0.000, 0.000),0.645,4.074,6.314,0.850,VALID,(0.254, -0.041, 0.966),(0.032, 0.000, 0.000),0.624,3.966,6.354,0.792,2,0
451330,1000002512171168400,63875743303061,(0.011, 1.437, -0.003),(0.034, -0.252, 0.035, 0.967),VALID,(0.256, -0.029, 0.966),(0.000, 0.000, 0.000),63.850,VALID,(0.255, -0.039, 0.966),(-0.032, 0.000, 0.000),0.655,4.134,6.314,0.861,VALID,(0.256, -0.029, 0.966),(0.032, 0.000, 0.000),0.631,4.007,6.354,0.801,2,0
451331,1000002512176186400,63875743303072,(0.011, 1.437, -0.003),(0.034, -0.252, 0.035, 0.967),VALID,(0.258, -0.018, 0.966),(0.000, 0.000, 0.000),63.850,VALID,(0.256, -0.026, 0.966),(-0.032, 0.000, 0.000),0.657,4.147,6.314,0.871,VALID,(0.258, -0.018, 0.966),(0.032, 0.000, 0.000),0.636,4.038,6.354,0.811,2,0
451332,1000002512181202300,63875743303072,(0.011, 1.437, -0.003),(0.034, -0.252, 0.035, 0.967),VALID,(0.265, -0.018, 0.964),(0.000, 0.000, 0.000),63.850,VALID,(0.261, -0.023, 0.965),(-0.032, 0.000, 0.000),0.657,4.146,6.314,0.880,VALID,(0.265, -0.018, 0.964),(0.032, 0.000, 0.000),0.641,4.070,6.354,0.820,2,0
451333,1000002512186203500,63875743303072,(0.011, 1.437, -0.003),(0.034, -0.252, 0.035, 0.967),VALID,(0.271, -0.015, 0.962),(0.000, 0.000, 0.000),63.850,VALID,(0.267, -0.019, 0.964),(-0.032, 0.000, 0.000),0.656,4.141,6.314,0.890,VALID,(0.271, -0.015, 0.962),(0.032, 0.000, 0.000),0.645,4.100,6.354,0.828,2,0
451334,1000002512191220300,63875743303083,(0.011, 1.437, -0.003),(0.034, -0.252, 0.035, 0.967),VALID,(0.278, -0.011, 0.961),(0.000, 0.000, 0.000),63.850,VALID,(0.272, -0.014, 0.962),(-0.032, 0.000, 0.000),0.653,4.126,6.314,0.897,VALID,(0.278, -0.011, 0.961),(0.032, 0.000, 0.000),0.651,4.134,6.354,0.835,2,0
451335,1000002512196237100,63875743303083,(0.011, 1.437, -0.003),(0.034, -0.252, 0.035, 0.967),VALID,(0.276, -0.009, 0.961),(0.000, 0.000, 0.000),63.850,VALID,(0.272, -0.011, 0.962),(-0.032, 0.000, 0.000),0.652,4.118,6.314,0.905,VALID,(0.276, -0.009, 0.961),(0.032, 0.000, 0.000),0.644,4.089,6.354,0.843,2,0
451336,1000002512201231300,63875743303094,(0.011, 1.437, -0.003),(0.034, -0.252, 0.035, 0.967),VALID,(0.278, -0.015, 0.960),(0.000, 0.000, 0.000),63.850,VALID,(0.275, -0.016, 0.961),(-0.032, 0.000, 0.000),0.650,4.105,6.314,0.907,VALID,(0.278, -0.015, 0.960),(0.032, 0.000, 0.000),0.637,4.049,6.354,0.849,2,0
451337,1000002512206248100,63875743303094,(0.011, 1.437, -0.003),(0.034, -0.252, 0.035, 0.967),VALID,(0.280, -0.020, 0.960),(0.000, 0.000, 0.000),63.850,VALID,(0.277, -0.021, 0.961),(-0.032, 0.000, 0.000),0.649,4.100,6.314,0.914,VALID,(0.280, -0.020, 0.960),(0.032, 0.000, 0.000),0.634,4.026,6.354,0.855,2,0
451338,1000002512211264000,63875743303105,(0.011, 1.436, -0.003),(0.034, -0.251, 0.035, 0.967),VALID,(0.281, -0.023, 0.959),(0.000, 0.000, 0.000),63.850,VALID,(0.278, -0.024, 0.960),(-0.032, 0.000, 0.000),0.649,4.100,6.314,0.920,VALID,(0.281, -0.023, 0.959),(0.032, 0.000, 0.000),0.632,4.017,6.354,0.861,2,0
451339,1000002512216280800,63875743303105,(0.011, 1.436, -0.003),(0.034, -0.251, 0.035, 0.967),VALID,(0.278, -0.020, 0.960),(0.000, 0.000, 0.000),63.850,VALID,(0.277, -0.020, 0.961),(-0.032, 0.000, 0.000),0.650,4.105,6.314,0.925,VALID,(0.278, -0.020, 0.960),(0.032, 0.000, 0.000),0.631,4.012,6.354,0.868,2,0
451340,1000002512221298800,63875743303116,(0.011, 1.436, -0.003),(0.034, -0.251, 0.035, 0.967),VALID,(0.276, -0.018, 0.961),(0.000, 0.000, 0.000),63.850,VALID,(0.275, -0.018, 0.961),(-0.032, 0.000, 0.000),0.651,4.109,6.314,0.929,VALID,(0.276, -0.018, 0.961),(0.032, 0.000, 0.000),0.631,4.007,6.354,0.873,2,0
451341,1000002512226316800,63875743303116,(0.011, 1.436, -0.003),(0.034, -0.251, 0.035, 0.967),VALID,(0.278, -0.022, 0.960),(0.000, 0.000, 0.000),63.850,VALID,(0.276, -0.022, 0.961),(-0.032, 0.000, 0.000),0.652,4.115,6.314,0.933,VALID,(0.278, -0.022, 0.960),(0.032, 0.000, 0.000),0.630,4.001,6.354,0.878,2,0
451342,1000002512231355700,63875743303117,(0.011, 1.436, -0.003),(0.034, -0.251, 0.035, 0.967),VALID,(0.277, -0.020, 0.961),(0.000, 0.000, 0.000),63.850,VALID,(0.276, -0.020, 0.961),(-0.032, 0.000, 0.000),0.652,4.120,6.314,0.938,VALID,(0.277, -0.020, 0.961),(0.032, 0.000, 0.000),0.629,3.996,6.354,0.883,2,0
451343,1000002512236372500,63875743303127,(0.011, 1.436, -0.003),(0.034, -0.251, 0.035, 0.967),VALID,(0.274, -0.015, 0.961),(0.000, 0.000, 0.000),63.850,VALID,(0.274, -0.015, 0.962),(-0.032, 0.000, 0.000),0.654,4.132,6.314,0.933,VALID,(0.274, -0.015, 0.961),(0.032, 0.000, 0.000),0.628,3.992,6.354,0.888,2,0
451344,1000002512241389300,63875743303127,(0.011, 1.436, -0.003),(0.034, -0.251, 0.035, 0.967),VALID,(0.274, -0.016, 0.961),(0.000, 0.000, 0.000),63.850,VALID,(0.274, -0.016, 0.962),(-0.032, 0.000, 0.000),0.654,4.132,6.314,0.931,VALID,(0.274, -0.016, 0.961),(0.032, 0.000, 0.000),0.628,3.989,6.354,0.892,2,0
451345,1000002512246378900,63875743303138,(0.011, 1.436, -0.003),(0.034, -0.251, 0.035, 0.967),VALID,(0.273, -0.012, 0.962),(0.000, 0.000, 0.000),63.850,VALID,(0.272, -0.012, 0.962),(-0.032, 0.000, 0.000),0.654,4.132,6.314,0.929,VALID,(0.273, -0.012, 0.962),(0.032, 0.000, 0.000),0.627,3.986,6.354,0.896,2,0
451346,1000002512251386400,63875743303138,(0.011, 1.436, -0.003),(0.034, -0.251, 0.035, 0.967),VALID,(0.272, -0.009, 0.962),(0.000, 0.000, 0.000),63.850,VALID,(0.272, -0.010, 0.962),(-0.032, 0.000, 0.000),0.655,4.138,6.314,0.925,VALID,(0.272, -0.009, 0.962),(0.032, 0.000, 0.000),0.627,3.984,6.354,0.900,2,0
451347,1000002512256398700,63875743303149,(0.010, 1.436, -0.002),(0.034, -0.251, 0.035, 0.967),VALID,(0.272, -0.012, 0.962),(0.000, 0.000, 0.000),63.850,VALID,(0.272, -0.012, 0.962),(-0.032, 0.000, 0.000),0.656,4.143,6.314,0.923,VALID,(0.272, -0.012, 0.962),(0.032, 0.000, 0.000),0.627,3.982,6.354,0.903,2,0
451348,1000002512261371800,63875743303149,(0.010, 1.436, -0.002),(0.034, -0.251, 0.035, 0.967),VALID,(0.272, -0.013, 0.962),(0.000, 0.000, 0.000),63.850,VALID,(0.272, -0.013, 0.962),(-0.032, 0.000, 0.000),0.656,4.141,6.314,0.920,VALID,(0.272, -0.013, 0.962),(0.032, 0.000, 0.000),0.626,3.980,6.354,0.906,2,0
451349,1000002512266385900,63875743303167,(0.010, 1.436, -0.002),(0.034, -0.251, 0.035, 0.967),VALID,(0.272, -0.014, 0.962),(0.000, 0.000, 0.000),63.850,VALID,(0.272, -0.014, 0.962),(-0.032, 0.000, 0.000),0.656,4.140,6.314,0.918,VALID,(0.272, -0.014, 0.962),(0.032, 0.000, 0.000),0.626,3.979,6.354,0.909,2,0
451350,1000002512271423600,63875743303168,(0.010, 1.436, -0.002),(0.034, -0.251, 0.035, 0.967),VALID,(0.272, -0.015, 0.962),(0.000, 0.000, 0.000),63.850,VALID,(0.272, -0.015, 0.962),(-0.032, 0.000, 0.000),0.655,4.133,6.314,0.916,VALID,(0.272, -0.015, 0.962),(0.032, 0.000, 0.000),0.626,3.978,6.354,0.913,2,0
451351,1000002512276437700,63875743303168,(0.010, 1.436, -0.002),(0.034, -0.251, 0.035, 0.967),VALID,(0.271, -0.016, 0.962),(0.000, 0.000, 0.000),63.850,VALID,(0.271, -0.016, 0.962),(-0.032, 0.000, 0.000),0.652,4.116,6.314,0.915,VALID,(0.271, -0.016, 0.962),(0.032, 0.000, 0.000),0.626,3.977,6.354,0.915,2,0
451352,1000002512281448700,63875743303183,(0.010, 1.436, -0.002),(0.034, -0.251, 0.035, 0.967),VALID,(0.271, -0.017, 0.962),(0.000, 0.000, 0.000),63.850,VALID,(0.271, -0.017, 0.962),(-0.032, 0.000, 0.000),0.649,4.100,6.314,0.912,VALID,(0.271, -0.017, 0.962),(0.032, 0.000, 0.000),0.626,3.979,6.354,0.916,2,0
451353,1000002512286459700,63875743303183,(0.010, 1.436, -0.002),(0.034, -0.251, 0.035, 0.967),VALID,(0.271, -0.019, 0.962),(0.000, 0.000, 0.000),63.850,VALID,(0.271, -0.018, 0.962),(-0.032, 0.000, 0.000),0.650,4.103,6.314,0.911,VALID,(0.271, -0.019, 0.962),(0.032, 0.000, 0.000),0.627,3.985,6.354,0.914,2,0
451354,1000002512291470700,63875743303183,(0.010, 1.436, -0.002),(0.034, -0.251, 0.035, 0.967),VALID,(0.274, -0.019, 0.962),(0.000, 0.000, 0.000),63.850,VALID,(0.273, -0.019, 0.962),(-0.032, 0.000, 0.000),0.649,4.101,6.314,0.910,VALID,(0.274, -0.019, 0.962),(0.032, 0.000, 0.000),0.630,4.002,6.354,0.913,2,0
451355,1000002512296481700,63875743303183,(0.010, 1.436, -0.002),(0.034, -0.251, 0.035, 0.967),VALID,(0.281, -0.020, 0.960),(0.000, 0.000, 0.000),63.850,VALID,(0.280, -0.020, 0.960),(-0.032, 0.000, 0.000),0.651,4.111,6.314,0.909,VALID,(0.281, -0.020, 0.960),(0.032, 0.000, 0.000),0.630,4.003,6.354,0.911,2,0
451356,1000002512301517400,63875743303190,(0.010, 1.435, -0.002),(0.034, -0.251, 0.035, 0.967),VALID,(0.302, -0.019, 0.953),(0.000, 0.000, 0.000),63.850,VALID,(0.301, -0.019, 0.953),(-0.032, 0.000, 0.000),0.649,4.100,6.314,0.908,VALID,(0.302, -0.019, 0.953),(0.032, 0.000, 0.000),0.631,4.007,6.354,0.908,2,0
451357,1000002512306645800,63875743303202,(0.010, 1.435, -0.002),(0.034, -0.251, 0.035, 0.967),VALID,(0.326, -0.019, 0.945),(0.000, 0.000, 0.000),63.850,VALID,(0.325, -0.019, 0.945),(-0.032, 0.000, 0.000),0.647,4.085,6.314,0.908,VALID,(0.326, -0.019, 0.945),(0.032, 0.000, 0.000),0.631,4.007,6.354,0.902,2,0
451358,1000002512311656800,63875743303202,(0.010, 1.435, -0.002),(0.034, -0.251, 0.035, 0.967),VALID,(0.327, -0.019, 0.945),(0.000, 0.000, 0.000),63.850,VALID,(0.326, -0.019, 0.945),(-0.032, 0.000, 0.000),0.647,4.086,6.314,0.908,VALID,(0.327, -0.019, 0.945),(0.032, 0.000, 0.000),0.631,4.007,6.354,0.895,2,0
451359,1000002512316515800,63875743303202,(0.010, 1.435, -0.002),(0.034, -0.251, 0.035, 0.967),VALID,(0.341, -0.019, 0.940),(0.000, 0.000, 0.000),63.850,VALID,(0.341, -0.019, 0.940),(-0.032, 0.000, 0.000),0.648,4.092,6.314,0.908,VALID,(0.341, -0.019, 0.940),(0.032, 0.000, 0.000),0.631,4.008,6.354,0.887,2,0
451360,1000002512321526800,63875743303213,(0.010, 1.435, -0.002),(0.034, -0.250, 0.035, 0.967),VALID,(0.359, -0.018, 0.933),(0.000, 0.000, 0.000),63.850,VALID,(0.359, -0.018, 0.933),(-0.032, 0.000, 0.000),0.648,4.093,6.314,0.907,VALID,(0.359, -0.018, 0.933),(0.032, 0.000, 0.000),0.635,4.034,6.354,0.879,2,0
451361,1000002512326540900,63875743303224,(0.010, 1.435, -0.002),(0.034, -0.250, 0.035, 0.967),VALID,(0.400, -0.017, 0.916),(0.000, 0.000, 0.000),63.850,VALID,(0.400, -0.017, 0.916),(-0.032, 0.000, 0.000),0.650,4.103,6.314,0.907,VALID,(0.400, -0.017, 0.916),(0.032, 0.000, 0.000),0.638,4.055,6.354,0.873,2,0
451362,1000002512331555000,63875743303225,(0.010, 1.435, -0.002),(0.034, -0.250, 0.035, 0.967),VALID,(0.421, -0.017, 0.907),(0.000, 0.000, 0.000),63.850,VALID,(0.421, -0.017, 0.907),(-0.032, 0.000, 0.000),0.650,4.107,6.314,0.907,VALID,(0.421, -0.017, 0.907),(0.032, 0.000, 0.000),0.639,4.058,6.354,0.868,2,0
451363,1000002512336569100,63875743303225,(0.010, 1.435, -0.002),(0.034, -0.250, 0.035, 0.967),VALID,(0.429, -0.016, 0.903),(0.000, 0.000, 0.000),63.850,VALID,(0.429, -0.016, 0.903),(-0.032, 0.000, 0.000),0.659,4.161,6.314,0.908,VALID,(0.429, -0.016, 0.903),(0.032, 0.000, 0.000),0.639,4.059,6.354,0.865,2,0
451364,1000002512341583200,63875743303236,(0.010, 1.435, -0.001),(0.033, -0.250, 0.035, 0.967),VALID,(0.438, -0.013, 0.899),(0.000, 0.000, 0.000),63.850,VALID,(0.438, -0.013, 0.899),(-0.032, 0.000, 0.000),0.665,4.196,6.314,0.908,VALID,(0.438, -0.013, 0.899),(0.032, 0.000, 0.000),0.639,4.059,6.354,0.863,2,0
451365,1000002512346602700,63875743303236,(0.010, 1.435, -0.001),(0.033, -0.250, 0.035, 0.967),VALID,(0.463, -0.007, 0.887),(0.000, 0.000, 0.000),63.850,VALID,(0.463, -0.008, 0.887),(-0.032, 0.000, 0.000),0.677,4.277,6.314,0.910,VALID,(0.463, -0.007, 0.887),(0.032, 0.000, 0.000),0.639,4.057,6.354,0.862,2,0
451366,1000002512351616800,63875743303236,(0.010, 1.435, -0.001),(0.033, -0.250, 0.035, 0.967),VALID,(0.478, -0.002, 0.878),(0.000, 0.000, 0.000),63.850,VALID,(0.478, -0.002, 0.878),(-0.032, 0.000, 0.000),0.689,4.351,6.314,0.913,VALID,(0.478, -0.002, 0.878),(0.032, 0.000, 0.000),0.638,4.054,6.354,0.861,2,0
451367,1000002512356627800,63875743303246,(0.010, 1.435, -0.001),(0.033, -0.250, 0.035, 0.967),VALID,(0.469, 0.005, 0.883),(0.000, 0.000, 0.000),63.850,VALID,(0.469, 0.004, 0.883),(-0.032, 0.000, 0.000),0.695,4.386,6.314,0.914,VALID,(0.469, 0.005, 0.883),(0.032, 0.000, 0.000),0.638,4.053,6.354,0.860,2,0
451368,1000002512361672000,63875743303246,(0.010, 1.435, -0.001),(0.033, -0.250, 0.035, 0.967),VALID,(0.468, 0.009, 0.884),(0.000, 0.000, 0.000),63.850,VALID,(0.468, 0.009, 0.884),(-0.032, 0.000, 0.000),0.694,4.385,6.314,0.915,VALID,(0.468, 0.009, 0.884),(0.032, 0.000, 0.000),0.638,4.053,6.354,0.860,2,0
451369,1000002512366686100,63875743303257,(0.010, 1.434, -0.001),(0.033, -0.250, 0.034, 0.967),VALID,(0.470, 0.013, 0.883),(0.000, 0.000, 0.000),63.850,VALID,(0.470, 0.013, 0.883),(-0.032, 0.000, 0.000),0.693,4.376,6.314,0.916,VALID,(0.470, 0.013, 0.883),(0.032, 0.000, 0.000),0.638,4.053,6.354,0.859,2,0
451370,1000002512371701900,63875743303257,(0.010, 1.434, -0.001),(0.033, -0.250, 0.034, 0.967),VALID,(0.485, 0.013, 0.875),(0.000, 0.000, 0.000),63.850,VALID,(0.485, 0.012, 0.875),(-0.032, 0.000, 0.000),0.693,4.374,6.314,0.917,VALID,(0.485, 0.013, 0.875),(0.032, 0.000, 0.000),0.639,4.059,6.354,0.859,2,0
451371,1000002512376693400,63875743303269,(0.010, 1.434, -0.001),(0.033, -0.250, 0.034, 0.967),VALID,(0.497, 0.012, 0.868),(0.000, 0.000, 0.000),63.850,VALID,(0.497, 0.012, 0.868),(-0.032, 0.000, 0.000),0.692,4.371,6.314,0.918,VALID,(0.497, 0.012, 0.868),(0.032, 0.000, 0.000),0.641,4.070,6.354,0.859,2,0
451372,1000002512381707000,63875743303280,(0.009, 1.434, 0.000),(0.033, -0.250, 0.034, 0.967),VALID,(0.508, 0.012, 0.862),(0.000, 0.000, 0.000),63.850,VALID,(0.508, 0.012, 0.862),(-0.032, 0.000, 0.000),0.692,4.370,6.314,0.918,VALID,(0.508, 0.012, 0.862),(0.032, 0.000, 0.000),0.641,4.072,6.354,0.859,2,0
451373,1000002512386733500,63875743303280,(0.009, 1.434, 0.000),(0.033, -0.250, 0.034, 0.967),VALID,(0.516, 0.012, 0.857),(0.000, 0.000, 0.000),63.850,VALID,(0.516, 0.012, 0.857),(-0.032, 0.000, 0.000),0.692,4.368,6.314,0.918,VALID,(0.516, 0.012, 0.857),(0.032, 0.000, 0.000),0.641,4.074,6.354,0.859,2,0
451374,1000002512391749300,63875743303280,(0.009, 1.434, 0.000),(0.033, -0.250, 0.034, 0.967),VALID,(0.522, 0.012, 0.853),(0.000, 0.000, 0.000),63.850,VALID,(0.522, 0.012, 0.853),(-0.032, 0.000, 0.000),0.692,4.368,6.314,0.918,VALID,(0.522, 0.012, 0.853),(0.032, 0.000, 0.000),0.641,4.074,6.354,0.860,2,0
451375,1000002512396775800,63875743303290,(0.009, 1.434, 0.000),(0.033, -0.250, 0.034, 0.967),VALID,(0.527, 0.011, 0.850),(0.000, 0.000, 0.000),63.850,VALID,(0.527, 0.011, 0.850),(-0.032, 0.000, 0.000),0.692,4.370,6.314,0.921,VALID,(0.527, 0.011, 0.850),(0.032, 0.000, 0.000),0.641,4.074,6.354,0.862,2,0
451376,1000002512401791600,63875743303290,(0.009, 1.434, 0.000),(0.033, -0.250, 0.034, 0.967),VALID,(0.531, 0.011, 0.847),(0.000, 0.000, 0.000),63.850,VALID,(0.531, 0.011, 0.847),(-0.032, 0.000, 0.000),0.692,4.370,6.314,0.924,VALID,(0.531, 0.011, 0.847),(0.032, 0.000, 0.000),0.641,4.074,6.354,0.865,2,0
451377,1000002512406818100,63875743303305,(0.009, 1.434, 0.000),(0.033, -0.250, 0.034, 0.967),VALID,(0.540, 0.009, 0.842),(0.000, 0.000, 0.000),63.850,VALID,(0.540, 0.009, 0.842),(-0.032, 0.000, 0.000),0.692,4.372,6.314,0.927,VALID,(0.540, 0.009, 0.842),(0.032, 0.000, 0.000),0.641,4.074,6.354,0.869,2,0
451378,1000002512411833900,63875743303305,(0.009, 1.434, 0.000),(0.033, -0.250, 0.034, 0.967),VALID,(0.546, 0.008, 0.838),(0.000, 0.000, 0.000),63.850,VALID,(0.546, 0.008, 0.838),(-0.032, 0.000, 0.000),0.692,4.372,6.314,0.930,VALID,(0.546, 0.008, 0.838),(0.032, 0.000, 0.000),0.641,4.073,6.354,0.873,2,0
451379,1000002512416860400,63875743303305,(0.009, 1.434, 0.000),(0.033, -0.250, 0.034, 0.967),VALID,(0.550, 0.007, 0.835),(0.000, 0.000, 0.000),63.850,VALID,(0.550, 0.007, 0.835),(-0.032, 0.000, 0.000),0.692,4.372,6.314,0.933,VALID,(0.550, 0.007, 0.835),(0.032, 0.000, 0.000),0.641,4.072,6.354,0.877,2,0
451380,1000002512421876200,63875743303315,(0.009, 1.434, 0.000),(0.033, -0.250, 0.034, 0.967),VALID,(0.552, 0.007, 0.834),(0.000, 0.000, 0.000),63.850,VALID,(0.552, 0.006, 0.834),(-0.032, 0.000, 0.000),0.692,4.372,6.314,0.940,VALID,(0.552, 0.007, 0.834),(0.032, 0.000, 0.000),0.640,4.069,6.354,0.881,2,0
451381,1000002512426786200,63875743303315,(0.009, 1.434, 0.000),(0.033, -0.250, 0.034, 0.967),VALID,(0.546, 0.007, 0.838),(0.000, 0.000, 0.000),63.850,VALID,(0.546, 0.007, 0.838),(-0.032, 0.000, 0.000),0.692,4.372,6.314,0.948,VALID,(0.546, 0.007, 0.838),(0.032, 0.000, 0.000),0.640,4.067,6.354,0.885,2,0
451382,1000002512431799800,63875743303326,(0.009, 1.434, 0.000),(0.033, -0.250, 0.035, 0.967),VALID,(0.538, 0.008, 0.843),(0.000, 0.000, 0.000),63.850,VALID,(0.538, 0.008, 0.843),(-0.032, 0.000, 0.000),0.692,4.371,6.314,0.955,VALID,(0.538, 0.008, 0.843),(0.032, 0.000, 0.000),0.640,4.067,6.354,0.890,2,0
451383,1000002512436813400,63875743303327,(0.009, 1.434, 0.000),(0.033, -0.250, 0.035, 0.967),VALID,(0.533, 0.009, 0.846),(0.000, 0.000, 0.000),63.850,VALID,(0.533, 0.009, 0.846),(-0.032, 0.000, 0.000),0.692,4.368,6.314,0.961,VALID,(0.533, 0.009, 0.846),(0.032, 0.000, 0.000),0.640,4.068,6.354,0.893,2,0
451384,1000002512441822400,63875743303327,(0.009, 1.434, 0.000),(0.033, -0.250, 0.035, 0.967),VALID,(0.530, 0.011, 0.848),(0.000, 0.000, 0.000),63.850,VALID,(0.530, 0.011, 0.848),(-0.032, 0.000, 0.000),0.691,4.365,6.314,0.966,VALID,(0.530, 0.011, 0.848),(0.032, 0.000, 0.000),0.641,4.072,6.354,0.897,2,0
451385,1000002512446811200,63875743303337,(0.009, 1.434, 0.000),(0.033, -0.250, 0.035, 0.967),VALID,(0.527, 0.012, 0.850),(0.000, 0.000, 0.000),63.850,VALID,(0.527, 0.012, 0.850),(-0.032, 0.000, 0.000),0.691,4.362,6.314,0.971,VALID,(0.527, 0.012, 0.850),(0.032, 0.000, 0.000),0.642,4.077,6.354,0.900,2,0
451386,1000002512451830700,63875743303338,(0.009, 1.434, 0.000),(0.033, -0.250, 0.035, 0.967),VALID,(0.526, 0.013, 0.851),(0.000, 0.000, 0.000),63.850,VALID,(0.526, 0.013, 0.851),(-0.032, 0.000, 0.000),0.690,4.358,6.314,0.975,VALID,(0.526, 0.013, 0.851),(0.032, 0.000, 0.000),0.642,4.081,6.354,0.903,2,0
451387,1000002512456837900,63875743303348,(0.009, 1.434, 0.000),(0.033, -0.250, 0.035, 0.967),VALID,(0.525, 0.014, 0.851),(0.000, 0.000, 0.000),63.850,VALID,(0.525, 0.014, 0.851),(-0.032, 0.000, 0.000),0.690,4.355,6.314,0.978,VALID,(0.525, 0.014, 0.851),(0.032, 0.000, 0.000),0.643,4.083,6.354,0.906,2,0
451388,1000002512461883400,63875743303348,(0.009, 1.434, 0.000),(0.033, -0.250, 0.035, 0.967),VALID,(0.527, 0.013, 0.850),(0.000, 0.000, 0.000),63.850,VALID,(0.527, 0.013, 0.850),(-0.032, 0.000, 0.000),0.689,4.350,6.314,0.980,VALID,(0.527, 0.013, 0.850),(0.032, 0.000, 0.000),0.643,4.084,6.354,0.909,2,0
451389,1000002512466890600,63875743303360,(0.009, 1.433, 0.000),(0.033, -0.250, 0.035, 0.967),VALID,(0.529, 0.012, 0.848),(0.000, 0.000, 0.000),63.850,VALID,(0.529, 0.012, 0.848),(-0.032, 0.000, 0.000),0.688,4.346,6.314,0.983,VALID,(0.529, 0.012, 0.848),(0.032, 0.000, 0.000),0.643,4.084,6.354,0.912,2,0
451390,1000002512471904200,63875743303360,(0.009, 1.433, 0.000),(0.033, -0.250, 0.035, 0.967),VALID,(0.531, 0.012, 0.847),(0.000, 0.000, 0.000),63.850,VALID,(0.531, 0.012, 0.847),(-0.032, 0.000, 0.000),0.688,4.343,6.314,0.984,VALID,(0.531, 0.012, 0.847),(0.032, 0.000, 0.000),0.643,4.084,6.354,0.914,2,0
451391,1000002512476909700,63875743303371,(0.009, 1.433, 0.001),(0.033, -0.250, 0.035, 0.967),VALID,(0.533, 0.012, 0.846),(0.000, 0.000, 0.000),63.850,VALID,(0.533, 0.012, 0.846),(-0.032, 0.000, 0.000),0.687,4.340,6.314,0.986,VALID,(0.533, 0.012, 0.846),(0.032, 0.000, 0.000),0.643,4.084,6.354,0.917,2,0
451392,1000002512481923300,63875743303371,(0.009, 1.433, 0.001),(0.033, -0.250, 0.035, 0.967),VALID,(0.534, 0.011, 0.845),(0.000, 0.000, 0.000),63.850,VALID,(0.534, 0.011, 0.845),(-0.032, 0.000, 0.000),0.687,4.337,6.314,0.987,VALID,(0.534, 0.011, 0.845),(0.032, 0.000, 0.000),0.643,4.083,6.354,0.918,2,0
451393,1000002512486951500,63875743303382,(0.009, 1.433, 0.001),(0.033, -0.250, 0.035, 0.967),VALID,(0.535, 0.011, 0.845),(0.000, 0.000, 0.000),63.850,VALID,(0.535, 0.011, 0.845),(-0.032, 0.000, 0.000),0.686,4.334,6.314,0.988,VALID,(0.535, 0.011, 0.845),(0.032, 0.000, 0.000),0.642,4.082,6.354,0.920,2,0
451394,1000002512491958000,63875743303382,(0.009, 1.433, 0.001),(0.033, -0.250, 0.035, 0.967),VALID,(0.536, 0.011, 0.844),(0.000, 0.000, 0.000),63.850,VALID,(0.536, 0.011, 0.844),(-0.032, 0.000, 0.000),0.686,4.331,6.314,0.989,VALID,(0.536, 0.011, 0.844),(0.032, 0.000, 0.000),0.642,4.082,6.354,0.923,2,0
451395,1000002512496964500,63875743303382,(0.009, 1.433, 0.001),(0.033, -0.250, 0.035, 0.967),VALID,(0.537, 0.010, 0.844),(0.000, 0.000, 0.000),63.850,VALID,(0.537, 0.010, 0.844),(-0.032, 0.000, 0.000),0.686,4.328,6.314,0.990,VALID,(0.537, 0.010, 0.844),(0.032, 0.000, 0.000),0.642,4.081,6.354,0.924,2,0
